FareClass,ObservationDate,Departure_Date,ORG,Dst,Carrier,Flight_Code,Dep_time,Arr_time,Apt_Fees,Gov_Tax,Total_Price_Non_Res,Base_Fare_Non_Res,Base_Fare_Non_Res_Calc,Airport_Fees_Res,Gov_Tax_Res,Total_Price_Res,Base_Fare_Res,Base_Fare_Res_Calc,Discount_Value,Discount_Value_Calc,Security,Security Tax,Currency
FlexiMas,15/03/2019,25/03/2019,ACE,LPA,NT,NT503,07:00,07:45,0,2.47,104.47,104.47,,0,2.47,27.97,,25.50,76.5,,,,€
Flexible,15/03/2019,25/03/2019,ACE,LPA,NT,NT503,07:00,07:45,1.50,2.47,90.47,88.97,,1.50,2.47,24.47,,20.50,66.0,,,,€
FlexiMas,15/03/2019,25/03/2019,ACE,LPA,NT,NT501,08:15,09:00,0,2.47,104.47,104.47,,0,2.47,27.97,,25.50,76.5,,,,€
Flexible,15/03/2019,25/03/2019,ACE,LPA,NT,NT501,08:15,09:00,1.50,2.47,90.47,88.97,,1.50,2.47,24.47,,20.50,66.0,,,,€
FlexiMas,15/03/2019,25/03/2019,ACE,LPA,NT,NT521,08:45,09:30,0,2.47,104.47,104.47,,0,2.47,27.97,,25.50,76.5,,,,€
Flexible,15/03/2019,25/03/2019,ACE,LPA,NT,NT521,08:45,09:30,1.50,2.47,90.47,88.97,,1.50,2.47,24.47,,20.50,66.0,,,,€
FlexiMas,15/03/2019,25/03/2019,ACE,LPA,NT,NT505,09:30,10:15,0,2.47,104.47,104.47,,0,2.47,27.97,,25.50,76.5,,,,€
Flexible,15/03/2019,25/03/2019,ACE,LPA,NT,NT505,09:30,10:15,1.50,2.47,90.47,88.97,,1.50,2.47,24.47,,20.50,66.0,,,,€
FlexiMas,15/03/2019,25/03/2019,ACE,LPA,NT,NT591,10:45,11:30,0,2.47,104.47,104.47,,0,2.47,27.97,,25.50,76.5,,,,€
Flexible,15/03/2019,25/03/2019,ACE,LPA,NT,NT591,10:45,11:30,1.50,2.47,90.47,88.97,,1.50,2.47,24.47,,20.50,66.0,,,,€
Economica,15/03/2019,25/03/2019,ACE,LPA,NT,NT591,10:45,11:30,1.50,2.47,70.47,68.97,,1.50,2.47,19.47,,15.50,51.0,,,,€
Promo,15/03/2019,25/03/2019,ACE,LPA,NT,NT591,10:45,11:30,1.50,2.47,57.47,55.97,,1.50,2.47,16.22,,12.25,41.25,,,,€
FlexiMas,15/03/2019,25/03/2019,ACE,LPA,NT,NT513,12:00,12:45,0,2.47,104.47,104.47,,0,2.47,27.97,,25.50,76.5,,,,€
Flexible,15/03/2019,25/03/2019,ACE,LPA,NT,NT513,12:00,12:45,1.50,2.47,90.47,88.97,,1.50,2.47,24.47,,20.50,66.0,,,,€
Economica,15/03/2019,25/03/2019,ACE,LPA,NT,NT513,12:00,12:45,1.50,2.47,70.47,68.97,,1.50,2.47,19.47,,15.50,51.0,,,,€
Promo,15/03/2019,25/03/2019,ACE,LPA,NT,NT513,12:00,12:45,1.50,2.47,53.47,51.97,,1.50,2.47,15.22,,11.25,38.25,,,,€
Superpromo,15/03/2019,25/03/2019,ACE,LPA,NT,NT513,12:00,12:45,1.50,2.47,49.47,47.97,,1.50,2.47,14.22,,10.25,35.25,,,,€
FlexiMas,15/03/2019,25/03/2019,ACE,LPA,NT,NT517,13:15,14:00,0,2.47,104.47,104.47,,0,2.47,27.97,,25.50,76.5,,,,€
Flexible,15/03/2019,25/03/2019,ACE,LPA,NT,NT517,13:15,14:00,1.50,2.47,90.47,88.97,,1.50,2.47,24.47,,20.50,66.0,,,,€
Economica,15/03/2019,25/03/2019,ACE,LPA,NT,NT517,13:15,14:00,1.50,2.47,70.47,68.97,,1.50,2.47,19.47,,15.50,51.0,,,,€
Promo,15/03/2019,25/03/2019,ACE,LPA,NT,NT517,13:15,14:00,1.50,2.47,53.47,51.97,,1.50,2.47,15.22,,11.25,38.25,,,,€
Superpromo,15/03/2019,25/03/2019,ACE,LPA,NT,NT517,13:15,14:00,1.50,2.47,49.47,47.97,,1.50,2.47,14.22,,10.25,35.25,,,,€
FlexiMas,15/03/2019,25/03/2019,ACE,LPA,NT,NT511,14:30,15:15,0,2.47,104.47,104.47,,0,2.47,27.97,,25.50,76.5,,,,€
Flexible,15/03/2019,25/03/2019,ACE,LPA,NT,NT511,14:30,15:15,1.50,2.47,90.47,88.97,,1.50,2.47,24.47,,20.50,66.0,,,,€
Economica,15/03/2019,25/03/2019,ACE,LPA,NT,NT511,14:30,15:15,1.50,2.47,70.47,68.97,,1.50,2.47,19.47,,15.50,51.0,,,,€
Promo,15/03/2019,25/03/2019,ACE,LPA,NT,NT511,14:30,15:15,1.50,2.47,57.47,55.97,,1.50,2.47,16.22,,12.25,41.25,,,,€
FlexiMas,15/03/2019,25/03/2019,ACE,LPA,NT,NT519,15:45,16:30,0,2.47,104.47,104.47,,0,2.47,27.97,,25.50,76.5,,,,€
Flexible,15/03/2019,25/03/2019,ACE,LPA,NT,NT519,15:45,16:30,1.50,2.47,90.47,88.97,,1.50,2.47,24.47,,20.50,66.0,,,,€
Economica,15/03/2019,25/03/2019,ACE,LPA,NT,NT519,15:45,16:30,1.50,2.47,70.47,68.97,,1.50,2.47,19.47,,15.50,51.0,,,,€
Promo,15/03/2019,25/03/2019,ACE,LPA,NT,NT519,15:45,16:30,1.50,2.47,57.47,55.97,,1.50,2.47,16.22,,12.25,41.25,,,,€
FlexiMas,15/03/2019,25/03/2019,ACE,LPA,NT,NT523,17:00,17:45,0,2.47,104.47,104.47,,0,2.47,27.97,,25.50,76.5,,,,€
Flexible,15/03/2019,25/03/2019,ACE,LPA,NT,NT523,17:00,17:45,1.50,2.47,90.47,88.97,,1.50,2.47,24.47,,20.50,66.0,,,,€
Economica,15/03/2019,25/03/2019,ACE,LPA,NT,NT523,17:00,17:45,1.50,2.47,70.47,68.97,,1.50,2.47,19.47,,15.50,51.0,,,,€
Promo,15/03/2019,25/03/2019,ACE,LPA,NT,NT523,17:00,17:45,1.50,2.47,57.47,55.97,,1.50,2.47,16.22,,12.25,41.25,,,,€
FlexiMas,15/03/2019,25/03/2019,ACE,LPA,NT,NT525,18:15,19:00,0,2.47,104.47,104.47,,0,2.47,27.97,,25.50,76.5,,,,€
Flexible,15/03/2019,25/03/2019,ACE,LPA,NT,NT525,18:15,19:00,1.50,2.47,90.47,88.97,,1.50,2.47,24.47,,20.50,66.0,,,,€
Economica,15/03/2019,25/03/2019,ACE,LPA,NT,NT525,18:15,19:00,1.50,2.47,70.47,68.97,,1.50,2.47,19.47,,15.50,51.0,,,,€
Promo,15/03/2019,25/03/2019,ACE,LPA,NT,NT525,18:15,19:00,1.50,2.47,53.47,51.97,,1.50,2.47,15.22,,11.25,38.25,,,,€
Superpromo,15/03/2019,25/03/2019,ACE,LPA,NT,NT525,18:15,19:00,1.50,2.47,49.47,47.97,,1.50,2.47,14.22,,10.25,35.25,,,,€
FlexiMas,15/03/2019,25/03/2019,ACE,LPA,NT,NT531,19:30,20:15,0,2.47,104.47,104.47,,0,2.47,27.97,,25.50,76.5,,,,€
Flexible,15/03/2019,25/03/2019,ACE,LPA,NT,NT531,19:30,20:15,1.50,2.47,90.47,88.97,,1.50,2.47,24.47,,20.50,66.0,,,,€
Economica,15/03/2019,25/03/2019,ACE,LPA,NT,NT531,19:30,20:15,1.50,2.47,70.47,68.97,,1.50,2.47,19.47,,15.50,51.0,,,,€
Promo,15/03/2019,25/03/2019,ACE,LPA,NT,NT531,19:30,20:15,1.50,2.47,53.47,51.97,,1.50,2.47,15.22,,11.25,38.25,,,,€
Superpromo,15/03/2019,25/03/2019,ACE,LPA,NT,NT531,19:30,20:15,1.50,2.47,49.47,47.97,,1.50,2.47,14.22,,10.25,35.25,,,,€
FlexiMas,15/03/2019,25/03/2019,ACE,TFN,NT,NT453,08:25,09:15,0,2.47,134.47,134.47,,0,2.47,35.47,,33.00,99.0,,,,€
Flexible,15/03/2019,25/03/2019,ACE,TFN,NT,NT453,08:25,09:15,1.50,2.47,114.47,112.97,,1.50,2.47,30.47,,26.50,84.0,,,,€
FlexiMas,15/03/2019,25/03/2019,ACE,TFN,NT,NT469,11:20,12:10,0,2.47,134.47,134.47,,0,2.47,35.47,,33.00,99.0,,,,€
Flexible,15/03/2019,25/03/2019,ACE,TFN,NT,NT469,11:20,12:10,1.50,2.47,114.47,112.97,,1.50,2.47,30.47,,26.50,84.0,,,,€
Economica,15/03/2019,25/03/2019,ACE,TFN,NT,NT469,11:20,12:10,1.50,2.47,88.47,86.97,,1.50,2.47,23.97,,20.00,64.5,,,,€
Promo,15/03/2019,25/03/2019,ACE,TFN,NT,NT469,11:20,12:10,1.50,2.47,72.47,70.97,,1.50,2.47,19.97,,16.00,52.5,,,,€
FlexiMas,15/03/2019,25/03/2019,ACE,TFN,NT,NT455,14:10,15:00,0,2.47,134.47,134.47,,0,2.47,35.47,,33.00,99.0,,,,€
Flexible,15/03/2019,25/03/2019,ACE,TFN,NT,NT455,14:10,15:00,1.50,2.47,114.47,112.97,,1.50,2.47,30.47,,26.50,84.0,,,,€
Economica,15/03/2019,25/03/2019,ACE,TFN,NT,NT455,14:10,15:00,1.50,2.47,88.47,86.97,,1.50,2.47,23.97,,20.00,64.5,,,,€
Promo,15/03/2019,25/03/2019,ACE,TFN,NT,NT455,14:10,15:00,1.50,2.47,72.47,70.97,,1.50,2.47,19.97,,16.00,52.5,,,,€
FlexiMas,15/03/2019,25/03/2019,ACE,TFN,NT,NT471,15:20,16:10,0,2.47,134.47,134.47,,0,2.47,35.47,,33.00,99.0,,,,€
Flexible,15/03/2019,25/03/2019,ACE,TFN,NT,NT471,15:20,16:10,1.50,2.47,114.47,112.97,,1.50,2.47,30.47,,26.50,84.0,,,,€
Economica,15/03/2019,25/03/2019,ACE,TFN,NT,NT471,15:20,16:10,1.50,2.47,88.47,86.97,,1.50,2.47,23.97,,20.00,64.5,,,,€
Promo,15/03/2019,25/03/2019,ACE,TFN,NT,NT471,15:20,16:10,1.50,2.47,72.47,70.97,,1.50,2.47,19.97,,16.00,52.5,,,,€
FlexiMas,15/03/2019,25/03/2019,ACE,TFN,NT,NT475,18:40,19:30,0,2.47,134.47,134.47,,0,2.47,35.47,,33.00,99.0,,,,€
Flexible,15/03/2019,25/03/2019,ACE,TFN,NT,NT475,18:40,19:30,1.50,2.47,114.47,112.97,,1.50,2.47,30.47,,26.50,84.0,,,,€
Economica,15/03/2019,25/03/2019,ACE,TFN,NT,NT475,18:40,19:30,1.50,2.47,88.47,86.97,,1.50,2.47,23.97,,20.00,64.5,,,,€
Promo,15/03/2019,25/03/2019,ACE,TFN,NT,NT475,18:40,19:30,1.50,2.47,72.47,70.97,,1.50,2.47,19.97,,16.00,52.5,,,,€
FlexiMas,15/03/2019,25/03/2019,FUE,LPA,NT,NT203,08:10,08:50,0,2.47,92.47,92.47,,0,2.47,24.97,,22.50,67.5,,,,€
Flexible,15/03/2019,25/03/2019,FUE,LPA,NT,NT203,08:10,08:50,1.50,2.47,80.47,78.97,,1.50,2.47,21.97,,18.00,58.5,,,,€
FlexiMas,15/03/2019,25/03/2019,FUE,LPA,NT,NT237,09:20,10:00,0,2.47,92.47,92.47,,0,2.47,24.97,,22.50,67.5,,,,€
Flexible,15/03/2019,25/03/2019,FUE,LPA,NT,NT237,09:20,10:00,1.50,2.47,80.47,78.97,,1.50,2.47,21.97,,18.00,58.5,,,,€
FlexiMas,15/03/2019,25/03/2019,FUE,LPA,NT,NT209,10:20,11:00,0,2.47,92.47,92.47,,0,2.47,24.97,,22.50,67.5,,,,€
Flexible,15/03/2019,25/03/2019,FUE,LPA,NT,NT209,10:20,11:00,1.50,2.47,80.47,78.97,,1.50,2.47,21.97,,18.00,58.5,,,,€
Economica,15/03/2019,25/03/2019,FUE,LPA,NT,NT209,10:20,11:00,1.50,2.47,62.47,60.97,,1.50,2.47,17.47,,13.50,45.0,,,,€
Promo,15/03/2019,25/03/2019,FUE,LPA,NT,NT209,10:20,11:00,1.50,2.47,48.47,46.97,,1.50,2.47,13.97,,10.00,34.5,,,,€
Superpromo,15/03/2019,25/03/2019,FUE,LPA,NT,NT209,10:20,11:00,1.50,2.47,44.47,42.97,,1.50,2.47,12.97,,9.00,31.5,,,,€
FlexiMas,15/03/2019,25/03/2019,FUE,LPA,NT,NT211,11:10,11:50,0,2.47,92.47,92.47,,0,2.47,24.97,,22.50,67.5,,,,€
Flexible,15/03/2019,25/03/2019,FUE,LPA,NT,NT211,11:10,11:50,1.50,2.47,80.47,78.97,,1.50,2.47,21.97,,18.00,58.5,,,,€
Economica,15/03/2019,25/03/2019,FUE,LPA,NT,NT211,11:10,11:50,1.50,2.47,62.47,60.97,,1.50,2.47,17.47,,13.50,45.0,,,,€
Promo,15/03/2019,25/03/2019,FUE,LPA,NT,NT211,11:10,11:50,1.50,2.47,48.47,46.97,,1.50,2.47,13.97,,10.00,34.5,,,,€
Superpromo,15/03/2019,25/03/2019,FUE,LPA,NT,NT211,11:10,11:50,1.50,2.47,44.47,42.97,,1.50,2.47,12.97,,9.00,31.5,,,,€
FlexiMas,15/03/2019,25/03/2019,FUE,LPA,NT,NT207,12:40,13:20,0,2.47,92.47,92.47,,0,2.47,24.97,,22.50,67.5,,,,€
Flexible,15/03/2019,25/03/2019,FUE,LPA,NT,NT207,12:40,13:20,1.50,2.47,80.47,78.97,,1.50,2.47,21.97,,18.00,58.5,,,,€
Economica,15/03/2019,25/03/2019,FUE,LPA,NT,NT207,12:40,13:20,1.50,2.47,62.47,60.97,,1.50,2.47,17.47,,13.50,45.0,,,,€
Promo,15/03/2019,25/03/2019,FUE,LPA,NT,NT207,12:40,13:20,1.50,2.47,48.47,46.97,,1.50,2.47,13.97,,10.00,34.5,,,,€
FlexiMas,15/03/2019,25/03/2019,FUE,LPA,NT,NT221,15:10,15:50,0,2.47,92.47,92.47,,0,2.47,24.97,,22.50,67.5,,,,€
Flexible,15/03/2019,25/03/2019,FUE,LPA,NT,NT221,15:10,15:50,1.50,2.47,80.47,78.97,,1.50,2.47,21.97,,18.00,58.5,,,,€
Economica,15/03/2019,25/03/2019,FUE,LPA,NT,NT221,15:10,15:50,1.50,2.47,62.47,60.97,,1.50,2.47,17.47,,13.50,45.0,,,,€
Promo,15/03/2019,25/03/2019,FUE,LPA,NT,NT221,15:10,15:50,1.50,2.47,58.47,56.97,,1.50,2.47,16.47,,12.50,42.0,,,,€
FlexiMas,15/03/2019,25/03/2019,FUE,LPA,NT,NT223,16:10,16:50,0,2.47,92.47,92.47,,0,2.47,24.97,,22.50,67.5,,,,€
Flexible,15/03/2019,25/03/2019,FUE,LPA,NT,NT223,16:10,16:50,1.50,2.47,80.47,78.97,,1.50,2.47,21.97,,18.00,58.5,,,,€
FlexiMas,15/03/2019,25/03/2019,FUE,LPA,NT,NT219,17:30,18:10,0,2.47,92.47,92.47,,0,2.47,24.97,,22.50,67.5,,,,€
Flexible,15/03/2019,25/03/2019,FUE,LPA,NT,NT219,17:30,18:10,1.50,2.47,80.47,78.97,,1.50,2.47,21.97,,18.00,58.5,,,,€
Economica,15/03/2019,25/03/2019,FUE,LPA,NT,NT219,17:30,18:10,1.50,2.47,62.47,60.97,,1.50,2.47,17.47,,13.50,45.0,,,,€
Promo,15/03/2019,25/03/2019,FUE,LPA,NT,NT219,17:30,18:10,1.50,2.47,48.47,46.97,,1.50,2.47,13.97,,10.00,34.5,,,,€
FlexiMas,15/03/2019,25/03/2019,FUE,LPA,NT,NT227,18:30,19:10,0,2.47,92.47,92.47,,0,2.47,24.97,,22.50,67.5,,,,€
Flexible,15/03/2019,25/03/2019,FUE,LPA,NT,NT227,18:30,19:10,1.50,2.47,80.47,78.97,,1.50,2.47,21.97,,18.00,58.5,,,,€
Economica,15/03/2019,25/03/2019,FUE,LPA,NT,NT227,18:30,19:10,1.50,2.47,62.47,60.97,,1.50,2.47,17.47,,13.50,45.0,,,,€
Promo,15/03/2019,25/03/2019,FUE,LPA,NT,NT227,18:30,19:10,1.50,2.47,48.47,46.97,,1.50,2.47,13.97,,10.00,34.5,,,,€
Superpromo,15/03/2019,25/03/2019,FUE,LPA,NT,NT227,18:30,19:10,1.50,2.47,44.47,42.97,,1.50,2.47,12.97,,9.00,31.5,,,,€
FlexiMas,15/03/2019,25/03/2019,FUE,LPA,NT,NT231,19:50,20:30,0,2.47,92.47,92.47,,0,2.47,24.97,,22.50,67.5,,,,€
Flexible,15/03/2019,25/03/2019,FUE,LPA,NT,NT231,19:50,20:30,1.50,2.47,80.47,78.97,,1.50,2.47,21.97,,18.00,58.5,,,,€
Economica,15/03/2019,25/03/2019,FUE,LPA,NT,NT231,19:50,20:30,1.50,2.47,62.47,60.97,,1.50,2.47,17.47,,13.50,45.0,,,,€
Promo,15/03/2019,25/03/2019,FUE,LPA,NT,NT231,19:50,20:30,1.50,2.47,48.47,46.97,,1.50,2.47,13.97,,10.00,34.5,,,,€
Superpromo,15/03/2019,25/03/2019,FUE,LPA,NT,NT231,19:50,20:30,1.50,2.47,44.47,42.97,,1.50,2.47,12.97,,9.00,31.5,,,,€
FlexiMas,15/03/2019,25/03/2019,FUE,TFN,NT,NT415,08:30,09:20,0,2.47,128.47,128.47,,0,2.47,33.97,,31.50,94.5,,,,€
Flexible,15/03/2019,25/03/2019,FUE,TFN,NT,NT415,08:30,09:20,1.50,2.47,109.47,107.97,,1.50,2.47,29.22,,25.25,80.25,,,,€
Economica,15/03/2019,25/03/2019,FUE,TFN,NT,NT415,08:30,09:20,1.50,2.47,84.47,82.97,,1.50,2.47,22.97,,19.00,61.5,,,,€
Promo,15/03/2019,25/03/2019,FUE,TFN,NT,NT415,08:30,09:20,1.50,2.47,79.47,77.97,,1.50,2.47,21.72,,17.75,57.75,,,,€
FlexiMas,15/03/2019,25/03/2019,FUE,TFN,NT,NT423,11:20,12:10,0,2.47,128.47,128.47,,0,2.47,33.97,,31.50,94.5,,,,€
Flexible,15/03/2019,25/03/2019,FUE,TFN,NT,NT423,11:20,12:10,1.50,2.47,109.47,107.97,,1.50,2.47,29.22,,25.25,80.25,,,,€
Economica,15/03/2019,25/03/2019,FUE,TFN,NT,NT423,11:20,12:10,1.50,2.47,84.47,82.97,,1.50,2.47,22.97,,19.00,61.5,,,,€
Promo,15/03/2019,25/03/2019,FUE,TFN,NT,NT423,11:20,12:10,1.50,2.47,64.47,62.97,,1.50,2.47,17.97,,14.00,46.5,,,,€
Superpromo,15/03/2019,25/03/2019,FUE,TFN,NT,NT423,11:20,12:10,1.50,2.47,59.47,57.97,,1.50,2.47,16.72,,12.75,42.75,,,,€
FlexiMas,15/03/2019,25/03/2019,FUE,TFN,NT,NT421,15:40,16:30,0,2.47,128.47,128.47,,0,2.47,33.97,,31.50,94.5,,,,€
Flexible,15/03/2019,25/03/2019,FUE,TFN,NT,NT421,15:40,16:30,1.50,2.47,109.47,107.97,,1.50,2.47,29.22,,25.25,80.25,,,,€
Economica,15/03/2019,25/03/2019,FUE,TFN,NT,NT421,15:40,16:30,1.50,2.47,84.47,82.97,,1.50,2.47,22.97,,19.00,61.5,,,,€
Promo,15/03/2019,25/03/2019,FUE,TFN,NT,NT421,15:40,16:30,1.50,2.47,79.47,77.97,,1.50,2.47,21.72,,17.75,57.75,,,,€
FlexiMas,15/03/2019,25/03/2019,FUE,TFN,NT,NT429,20:30,21:20,0,2.47,128.47,128.47,,0,2.47,33.97,,31.50,94.5,,,,€
Flexible,15/03/2019,25/03/2019,FUE,TFN,NT,NT429,20:30,21:20,1.50,2.47,109.47,107.97,,1.50,2.47,29.22,,25.25,80.25,,,,€
Economica,15/03/2019,25/03/2019,FUE,TFN,NT,NT429,20:30,21:20,1.50,2.47,84.47,82.97,,1.50,2.47,22.97,,19.00,61.5,,,,€
Promo,15/03/2019,25/03/2019,FUE,TFN,NT,NT429,20:30,21:20,1.50,2.47,64.47,62.97,,1.50,2.47,17.97,,14.00,46.5,,,,€
Superpromo,15/03/2019,25/03/2019,FUE,TFN,NT,NT429,20:30,21:20,1.50,2.47,59.47,57.97,,1.50,2.47,16.72,,12.75,42.75,,,,€
FlexiMas,15/03/2019,25/03/2019,GMZ,TFN,NT,NT650,10:30,11:00,0,1.64,91.64,91.64,,0,1.64,24.14,,22.50,67.5,,,,€
Flexible,15/03/2019,25/03/2019,GMZ,TFN,NT,NT650,10:30,11:00,0,1.64,73.64,73.64,,0,1.64,19.64,,18.00,54.0,,,,€
Economica,15/03/2019,25/03/2019,GMZ,TFN,NT,NT650,10:30,11:00,1.50,1.64,61.64,60.14,,1.50,1.64,16.64,,13.50,45.0,,,,€
Promo,15/03/2019,25/03/2019,GMZ,TFN,NT,NT650,10:30,11:00,1.50,1.64,47.64,46.14,,1.50,1.64,13.14,,10.00,34.5,,,,€
Superpromo,15/03/2019,25/03/2019,GMZ,TFN,NT,NT650,10:30,11:00,1.50,1.64,43.64,42.14,,1.50,1.64,12.14,,9.00,31.5,,,,€
FlexiMas,15/03/2019,25/03/2019,GMZ,TFN,NT,NT652,17:50,18:20,0,1.64,91.64,91.64,,0,1.64,24.14,,22.50,67.5,,,,€
Flexible,15/03/2019,25/03/2019,GMZ,TFN,NT,NT652,17:50,18:20,0,1.64,73.64,73.64,,0,1.64,19.64,,18.00,54.0,,,,€
Economica,15/03/2019,25/03/2019,GMZ,TFN,NT,NT652,17:50,18:20,1.50,1.64,61.64,60.14,,1.50,1.64,16.64,,13.50,45.0,,,,€
Promo,15/03/2019,25/03/2019,GMZ,TFN,NT,NT652,17:50,18:20,1.50,1.64,50.64,49.14,,1.50,1.64,13.89,,10.75,36.75,,,,€
FlexiMas,15/03/2019,25/03/2019,LPA,ACE,NT,NT500,07:00,07:45,0,2.75,104.75,104.75,,0,2.75,28.25,,25.50,76.5,,,,€
Flexible,15/03/2019,25/03/2019,LPA,ACE,NT,NT500,07:00,07:45,1.50,2.75,90.75,89.25,,1.50,2.75,24.75,,20.50,66.0,,,,€
FlexiMas,15/03/2019,25/03/2019,LPA,ACE,NT,NT520,07:30,08:15,0,2.75,104.75,104.75,,0,2.75,28.25,,25.50,76.5,,,,€
Flexible,15/03/2019,25/03/2019,LPA,ACE,NT,NT520,07:30,08:15,1.50,2.75,90.75,89.25,,1.50,2.75,24.75,,20.50,66.0,,,,€
FlexiMas,15/03/2019,25/03/2019,LPA,ACE,NT,NT504,08:15,09:00,0,2.75,104.75,104.75,,0,2.75,28.25,,25.50,76.5,,,,€
Flexible,15/03/2019,25/03/2019,LPA,ACE,NT,NT504,08:15,09:00,1.50,2.75,90.75,89.25,,1.50,2.75,24.75,,20.50,66.0,,,,€
FlexiMas,15/03/2019,25/03/2019,LPA,ACE,NT,NT590,09:30,10:15,0,2.75,104.75,104.75,,0,2.75,28.25,,25.50,76.5,,,,€
Flexible,15/03/2019,25/03/2019,LPA,ACE,NT,NT590,09:30,10:15,1.50,2.75,90.75,89.25,,1.50,2.75,24.75,,20.50,66.0,,,,€
FlexiMas,15/03/2019,25/03/2019,LPA,ACE,NT,NT510,10:45,11:30,0,2.75,104.75,104.75,,0,2.75,28.25,,25.50,76.5,,,,€
Flexible,15/03/2019,25/03/2019,LPA,ACE,NT,NT510,10:45,11:30,1.50,2.75,90.75,89.25,,1.50,2.75,24.75,,20.50,66.0,,,,€
Economica,15/03/2019,25/03/2019,LPA,ACE,NT,NT510,10:45,11:30,1.50,2.75,70.75,69.25,,1.50,2.75,19.75,,15.50,51.0,,,,€
Promo,15/03/2019,25/03/2019,LPA,ACE,NT,NT510,10:45,11:30,1.50,2.75,57.75,56.25,,1.50,2.75,16.50,,12.25,41.25,,,,€
FlexiMas,15/03/2019,25/03/2019,LPA,ACE,NT,NT516,12:00,12:45,0,2.75,104.75,104.75,,0,2.75,28.25,,25.50,76.5,,,,€
Flexible,15/03/2019,25/03/2019,LPA,ACE,NT,NT516,12:00,12:45,1.50,2.75,90.75,89.25,,1.50,2.75,24.75,,20.50,66.0,,,,€
Economica,15/03/2019,25/03/2019,LPA,ACE,NT,NT516,12:00,12:45,1.50,2.75,70.75,69.25,,1.50,2.75,19.75,,15.50,51.0,,,,€
Promo,15/03/2019,25/03/2019,LPA,ACE,NT,NT516,12:00,12:45,1.50,2.75,53.75,52.25,,1.50,2.75,15.50,,11.25,38.25,,,,€
Superpromo,15/03/2019,25/03/2019,LPA,ACE,NT,NT516,12:00,12:45,1.50,2.75,49.75,48.25,,1.50,2.75,14.50,,10.25,35.25,,,,€
FlexiMas,15/03/2019,25/03/2019,LPA,ACE,NT,NT514,13:15,14:00,0,2.75,104.75,104.75,,0,2.75,28.25,,25.50,76.5,,,,€
Flexible,15/03/2019,25/03/2019,LPA,ACE,NT,NT514,13:15,14:00,1.50,2.75,90.75,89.25,,1.50,2.75,24.75,,20.50,66.0,,,,€
Economica,15/03/2019,25/03/2019,LPA,ACE,NT,NT514,13:15,14:00,1.50,2.75,70.75,69.25,,1.50,2.75,19.75,,15.50,51.0,,,,€
Promo,15/03/2019,25/03/2019,LPA,ACE,NT,NT514,13:15,14:00,1.50,2.75,53.75,52.25,,1.50,2.75,15.50,,11.25,38.25,,,,€
Superpromo,15/03/2019,25/03/2019,LPA,ACE,NT,NT514,13:15,14:00,1.50,2.75,49.75,48.25,,1.50,2.75,14.50,,10.25,35.25,,,,€
FlexiMas,15/03/2019,25/03/2019,LPA,ACE,NT,NT518,14:30,15:15,0,2.75,104.75,104.75,,0,2.75,28.25,,25.50,76.5,,,,€
Flexible,15/03/2019,25/03/2019,LPA,ACE,NT,NT518,14:30,15:15,1.50,2.75,90.75,89.25,,1.50,2.75,24.75,,20.50,66.0,,,,€
Economica,15/03/2019,25/03/2019,LPA,ACE,NT,NT518,14:30,15:15,1.50,2.75,70.75,69.25,,1.50,2.75,19.75,,15.50,51.0,,,,€
Promo,15/03/2019,25/03/2019,LPA,ACE,NT,NT518,14:30,15:15,1.50,2.75,57.75,56.25,,1.50,2.75,16.50,,12.25,41.25,,,,€
FlexiMas,15/03/2019,25/03/2019,LPA,ACE,NT,NT522,15:45,16:30,0,2.75,104.75,104.75,,0,2.75,28.25,,25.50,76.5,,,,€
Flexible,15/03/2019,25/03/2019,LPA,ACE,NT,NT522,15:45,16:30,1.50,2.75,90.75,89.25,,1.50,2.75,24.75,,20.50,66.0,,,,€
Economica,15/03/2019,25/03/2019,LPA,ACE,NT,NT522,15:45,16:30,1.50,2.75,70.75,69.25,,1.50,2.75,19.75,,15.50,51.0,,,,€
Promo,15/03/2019,25/03/2019,LPA,ACE,NT,NT522,15:45,16:30,1.50,2.75,57.75,56.25,,1.50,2.75,16.50,,12.25,41.25,,,,€
FlexiMas,15/03/2019,25/03/2019,LPA,ACE,NT,NT524,17:00,17:45,0,2.75,104.75,104.75,,0,2.75,28.25,,25.50,76.5,,,,€
Flexible,15/03/2019,25/03/2019,LPA,ACE,NT,NT524,17:00,17:45,1.50,2.75,90.75,89.25,,1.50,2.75,24.75,,20.50,66.0,,,,€
Economica,15/03/2019,25/03/2019,LPA,ACE,NT,NT524,17:00,17:45,1.50,2.75,70.75,69.25,,1.50,2.75,19.75,,15.50,51.0,,,,€
Promo,15/03/2019,25/03/2019,LPA,ACE,NT,NT524,17:00,17:45,1.50,2.75,57.75,56.25,,1.50,2.75,16.50,,12.25,41.25,,,,€
FlexiMas,15/03/2019,25/03/2019,LPA,ACE,NT,NT530,18:15,18:55,0,2.75,104.75,104.75,,0,2.75,28.25,,25.50,76.5,,,,€
Flexible,15/03/2019,25/03/2019,LPA,ACE,NT,NT530,18:15,18:55,1.50,2.75,90.75,89.25,,1.50,2.75,24.75,,20.50,66.0,,,,€
Economica,15/03/2019,25/03/2019,LPA,ACE,NT,NT530,18:15,18:55,1.50,2.75,70.75,69.25,,1.50,2.75,19.75,,15.50,51.0,,,,€
Promo,15/03/2019,25/03/2019,LPA,ACE,NT,NT530,18:15,18:55,1.50,2.75,53.75,52.25,,1.50,2.75,15.50,,11.25,38.25,,,,€
Superpromo,15/03/2019,25/03/2019,LPA,ACE,NT,NT530,18:15,18:55,1.50,2.75,49.75,48.25,,1.50,2.75,14.50,,10.25,35.25,,,,€
FlexiMas,15/03/2019,25/03/2019,LPA,ACE,NT,NT536,19:30,20:10,0,2.75,104.75,104.75,,0,2.75,28.25,,25.50,76.5,,,,€
Flexible,15/03/2019,25/03/2019,LPA,ACE,NT,NT536,19:30,20:10,1.50,2.75,90.75,89.25,,1.50,2.75,24.75,,20.50,66.0,,,,€
Economica,15/03/2019,25/03/2019,LPA,ACE,NT,NT536,19:30,20:10,1.50,2.75,70.75,69.25,,1.50,2.75,19.75,,15.50,51.0,,,,€
Promo,15/03/2019,25/03/2019,LPA,ACE,NT,NT536,19:30,20:10,1.50,2.75,53.75,52.25,,1.50,2.75,15.50,,11.25,38.25,,,,€
Superpromo,15/03/2019,25/03/2019,LPA,ACE,NT,NT536,19:30,20:10,1.50,2.75,49.75,48.25,,1.50,2.75,14.50,,10.25,35.25,,,,€
FlexiMas,15/03/2019,25/03/2019,LPA,FUE,NT,NT200,07:00,07:40,0,2.75,92.75,92.75,,0,2.75,25.25,,22.50,67.5,,,,€
Flexible,15/03/2019,25/03/2019,LPA,FUE,NT,NT200,07:00,07:40,1.50,2.75,80.75,79.25,,1.50,2.75,22.25,,18.00,58.5,,,,€
FlexiMas,15/03/2019,25/03/2019,LPA,FUE,NT,NT236,08:15,08:55,0,2.75,92.75,92.75,,0,2.75,25.25,,22.50,67.5,,,,€
Flexible,15/03/2019,25/03/2019,LPA,FUE,NT,NT236,08:15,08:55,1.50,2.75,80.75,79.25,,1.50,2.75,22.25,,18.00,58.5,,,,€
FlexiMas,15/03/2019,25/03/2019,LPA,FUE,NT,NT208,09:15,09:55,0,2.75,92.75,92.75,,0,2.75,25.25,,22.50,67.5,,,,€
Flexible,15/03/2019,25/03/2019,LPA,FUE,NT,NT208,09:15,09:55,1.50,2.75,80.75,79.25,,1.50,2.75,22.25,,18.00,58.5,,,,€
Economica,15/03/2019,25/03/2019,LPA,FUE,NT,NT208,09:15,09:55,1.50,2.75,62.75,61.25,,1.50,2.75,17.75,,13.50,45.0,,,,€
Promo,15/03/2019,25/03/2019,LPA,FUE,NT,NT208,09:15,09:55,1.50,2.75,58.75,57.25,,1.50,2.75,16.75,,12.50,42.0,,,,€
FlexiMas,15/03/2019,25/03/2019,LPA,FUE,NT,NT210,10:00,10:40,0,2.75,92.75,92.75,,0,2.75,25.25,,22.50,67.5,,,,€
Flexible,15/03/2019,25/03/2019,LPA,FUE,NT,NT210,10:00,10:40,1.50,2.75,80.75,79.25,,1.50,2.75,22.25,,18.00,58.5,,,,€
Economica,15/03/2019,25/03/2019,LPA,FUE,NT,NT210,10:00,10:40,1.50,2.75,62.75,61.25,,1.50,2.75,17.75,,13.50,45.0,,,,€
Promo,15/03/2019,25/03/2019,LPA,FUE,NT,NT210,10:00,10:40,1.50,2.75,48.75,47.25,,1.50,2.75,14.25,,10.00,34.5,,,,€
FlexiMas,15/03/2019,25/03/2019,LPA,FUE,NT,NT206,11:30,12:10,0,2.75,92.75,92.75,,0,2.75,25.25,,22.50,67.5,,,,€
Flexible,15/03/2019,25/03/2019,LPA,FUE,NT,NT206,11:30,12:10,1.50,2.75,80.75,79.25,,1.50,2.75,22.25,,18.00,58.5,,,,€
Economica,15/03/2019,25/03/2019,LPA,FUE,NT,NT206,11:30,12:10,1.50,2.75,62.75,61.25,,1.50,2.75,17.75,,13.50,45.0,,,,€
Promo,15/03/2019,25/03/2019,LPA,FUE,NT,NT206,11:30,12:10,1.50,2.75,48.75,47.25,,1.50,2.75,14.25,,10.00,34.5,,,,€
Superpromo,15/03/2019,25/03/2019,LPA,FUE,NT,NT206,11:30,12:10,1.50,2.75,44.75,43.25,,1.50,2.75,13.25,,9.00,31.5,,,,€
FlexiMas,15/03/2019,25/03/2019,LPA,FUE,NT,NT214,14:00,14:40,0,2.75,92.75,92.75,,0,2.75,25.25,,22.50,67.5,,,,€
Flexible,15/03/2019,25/03/2019,LPA,FUE,NT,NT214,14:00,14:40,1.50,2.75,80.75,79.25,,1.50,2.75,22.25,,18.00,58.5,,,,€
Economica,15/03/2019,25/03/2019,LPA,FUE,NT,NT214,14:00,14:40,1.50,2.75,62.75,61.25,,1.50,2.75,17.75,,13.50,45.0,,,,€
Promo,15/03/2019,25/03/2019,LPA,FUE,NT,NT214,14:00,14:40,1.50,2.75,48.75,47.25,,1.50,2.75,14.25,,10.00,34.5,,,,€
FlexiMas,15/03/2019,25/03/2019,LPA,FUE,NT,NT222,15:00,15:40,0,2.75,92.75,92.75,,0,2.75,25.25,,22.50,67.5,,,,€
Flexible,15/03/2019,25/03/2019,LPA,FUE,NT,NT222,15:00,15:40,1.50,2.75,80.75,79.25,,1.50,2.75,22.25,,18.00,58.5,,,,€
Economica,15/03/2019,25/03/2019,LPA,FUE,NT,NT222,15:00,15:40,1.50,2.75,62.75,61.25,,1.50,2.75,17.75,,13.50,45.0,,,,€
Promo,15/03/2019,25/03/2019,LPA,FUE,NT,NT222,15:00,15:40,1.50,2.75,58.75,57.25,,1.50,2.75,16.75,,12.50,42.0,,,,€
FlexiMas,15/03/2019,25/03/2019,LPA,FUE,NT,NT220,16:20,17:00,0,2.75,92.75,92.75,,0,2.75,25.25,,22.50,67.5,,,,€
Flexible,15/03/2019,25/03/2019,LPA,FUE,NT,NT220,16:20,17:00,1.50,2.75,80.75,79.25,,1.50,2.75,22.25,,18.00,58.5,,,,€
Economica,15/03/2019,25/03/2019,LPA,FUE,NT,NT220,16:20,17:00,1.50,2.75,62.75,61.25,,1.50,2.75,17.75,,13.50,45.0,,,,€
Promo,15/03/2019,25/03/2019,LPA,FUE,NT,NT220,16:20,17:00,1.50,2.75,58.75,57.25,,1.50,2.75,16.75,,12.50,42.0,,,,€
FlexiMas,15/03/2019,25/03/2019,LPA,FUE,NT,NT224,17:20,18:00,0,2.75,92.75,92.75,,0,2.75,25.25,,22.50,67.5,,,,€
Flexible,15/03/2019,25/03/2019,LPA,FUE,NT,NT224,17:20,18:00,1.50,2.75,80.75,79.25,,1.50,2.75,22.25,,18.00,58.5,,,,€
Economica,15/03/2019,25/03/2019,LPA,FUE,NT,NT224,17:20,18:00,1.50,2.75,62.75,61.25,,1.50,2.75,17.75,,13.50,45.0,,,,€
Promo,15/03/2019,25/03/2019,LPA,FUE,NT,NT224,17:20,18:00,1.50,2.75,58.75,57.25,,1.50,2.75,16.75,,12.50,42.0,,,,€
FlexiMas,15/03/2019,25/03/2019,LPA,FUE,NT,NT228,18:40,19:20,0,2.75,92.75,92.75,,0,2.75,25.25,,22.50,67.5,,,,€
Flexible,15/03/2019,25/03/2019,LPA,FUE,NT,NT228,18:40,19:20,1.50,2.75,80.75,79.25,,1.50,2.75,22.25,,18.00,58.5,,,,€
Economica,15/03/2019,25/03/2019,LPA,FUE,NT,NT228,18:40,19:20,1.50,2.75,62.75,61.25,,1.50,2.75,17.75,,13.50,45.0,,,,€
Promo,15/03/2019,25/03/2019,LPA,FUE,NT,NT228,18:40,19:20,1.50,2.75,58.75,57.25,,1.50,2.75,16.75,,12.50,42.0,,,,€
FlexiMas,15/03/2019,25/03/2019,LPA,PMI,NT,NT5100,11:30,15:20,3.00,10.90,672.90,669.9,,3.00,10.90,176.40,,162.50,496.5,,,,€
Flexible,15/03/2019,25/03/2019,LPA,PMI,NT,NT5100,11:30,15:20,3.00,10.90,592.90,589.9,,3.00,10.90,156.40,,142.50,436.5,,,,€
Economica,15/03/2019,25/03/2019,LPA,PMI,NT,NT5100,11:30,15:20,3.00,10.90,442.90,439.9,,3.00,10.90,118.90,,105.00,324.0,,,,€
Promo,15/03/2019,25/03/2019,LPA,PMI,NT,NT5100,11:30,15:20,3.00,10.90,272.90,269.9,,3.00,10.90,76.40,,62.50,196.49,,,,€
Superpromo,15/03/2019,25/03/2019,LPA,PMI,NT,NT5100,11:30,15:20,3.00,10.90,152.90,149.9,,3.00,10.90,46.40,,32.50,106.5,,,,€
FlexiMas,15/03/2019,25/03/2019,LPA,SPC,NT,NT309,07:20,08:10,0,2.75,127.75,127.75,,0,2.75,34.00,,31.25,93.75,,,,€
Flexible,15/03/2019,25/03/2019,LPA,SPC,NT,NT309,07:20,08:10,1.50,2.75,108.75,107.25,,1.50,2.75,29.25,,25.00,79.5,,,,€
Economica,15/03/2019,25/03/2019,LPA,SPC,NT,NT309,07:20,08:10,1.50,2.75,83.75,82.25,,1.50,2.75,23.00,,18.75,60.75,,,,€
FlexiMas,15/03/2019,25/03/2019,LPA,SPC,NT,NT311,17:20,18:10,0,2.75,127.75,127.75,,0,2.75,34.00,,31.25,93.75,,,,€
Flexible,15/03/2019,25/03/2019,LPA,SPC,NT,NT311,17:20,18:10,1.50,2.75,108.75,107.25,,1.50,2.75,29.25,,25.00,79.5,,,,€
Economica,15/03/2019,25/03/2019,LPA,SPC,NT,NT311,17:20,18:10,1.50,2.75,83.75,82.25,,1.50,2.75,23.00,,18.75,60.75,,,,€
Promo,15/03/2019,25/03/2019,LPA,SPC,NT,NT311,17:20,18:10,1.50,2.75,63.75,62.25,,1.50,2.75,18.00,,13.75,45.75,,,,€
Superpromo,15/03/2019,25/03/2019,LPA,SPC,NT,NT311,17:20,18:10,1.50,2.75,58.75,57.25,,1.50,2.75,16.75,,12.50,42.0,,,,€
FlexiMas,15/03/2019,25/03/2019,LPA,SPC,NT,NT317,19:55,20:45,0,2.75,127.75,127.75,,0,2.75,34.00,,31.25,93.75,,,,€
Flexible,15/03/2019,25/03/2019,LPA,SPC,NT,NT317,19:55,20:45,1.50,2.75,108.75,107.25,,1.50,2.75,29.25,,25.00,79.5,,,,€
Economica,15/03/2019,25/03/2019,LPA,SPC,NT,NT317,19:55,20:45,1.50,2.75,83.75,82.25,,1.50,2.75,23.00,,18.75,60.75,,,,€
Promo,15/03/2019,25/03/2019,LPA,SPC,NT,NT317,19:55,20:45,1.50,2.75,63.75,62.25,,1.50,2.75,18.00,,13.75,45.75,,,,€
Superpromo,15/03/2019,25/03/2019,LPA,SPC,NT,NT317,19:55,20:45,1.50,2.75,58.75,57.25,,1.50,2.75,16.75,,12.50,42.0,,,,€
FlexiMas,15/03/2019,25/03/2019,LPA,TFN,NT,NT153,07:00,07:30,0,2.75,80.75,80.75,,0,2.75,22.25,,19.50,58.5,,,,€
Flexible,15/03/2019,25/03/2019,LPA,TFN,NT,NT153,07:00,07:30,1.50,2.75,71.75,70.25,,1.50,2.75,20.00,,15.75,51.75,,,,€
Economica,15/03/2019,25/03/2019,LPA,TFN,NT,NT153,07:00,07:30,1.50,2.75,55.75,54.25,,1.50,2.75,16.00,,11.75,39.75,,,,€
FlexiMas,15/03/2019,25/03/2019,LPA,TFN,NT,NT103,07:30,08:00,0,2.75,80.75,80.75,,0,2.75,22.25,,19.50,58.5,,,,€
Flexible,15/03/2019,25/03/2019,LPA,TFN,NT,NT103,07:30,08:00,1.50,2.75,71.75,70.25,,1.50,2.75,20.00,,15.75,51.75,,,,€
FlexiMas,15/03/2019,25/03/2019,LPA,TFN,NT,NT107,08:00,08:30,0,2.75,80.75,80.75,,0,2.75,22.25,,19.50,58.5,,,,€
Flexible,15/03/2019,25/03/2019,LPA,TFN,NT,NT107,08:00,08:30,1.50,2.75,71.75,70.25,,1.50,2.75,20.00,,15.75,51.75,,,,€
FlexiMas,15/03/2019,25/03/2019,LPA,TFN,NT,NT105,08:30,09:00,0,2.75,80.75,80.75,,0,2.75,22.25,,19.50,58.5,,,,€
Flexible,15/03/2019,25/03/2019,LPA,TFN,NT,NT105,08:30,09:00,1.50,2.75,71.75,70.25,,1.50,2.75,20.00,,15.75,51.75,,,,€
FlexiMas,15/03/2019,25/03/2019,LPA,TFN,NT,NT119,09:00,09:30,0,2.75,80.75,80.75,,0,2.75,22.25,,19.50,58.5,,,,€
Flexible,15/03/2019,25/03/2019,LPA,TFN,NT,NT119,09:00,09:30,1.50,2.75,71.75,70.25,,1.50,2.75,20.00,,15.75,51.75,,,,€
FlexiMas,15/03/2019,25/03/2019,LPA,TFN,NT,NT111,09:30,10:00,0,2.75,80.75,80.75,,0,2.75,22.25,,19.50,58.5,,,,€
Flexible,15/03/2019,25/03/2019,LPA,TFN,NT,NT111,09:30,10:00,1.50,2.75,71.75,70.25,,1.50,2.75,20.00,,15.75,51.75,,,,€
Economica,15/03/2019,25/03/2019,LPA,TFN,NT,NT111,09:30,10:00,1.50,2.75,55.75,54.25,,1.50,2.75,16.00,,11.75,39.75,,,,€
FlexiMas,15/03/2019,25/03/2019,LPA,TFN,NT,NT109,10:00,10:30,0,2.75,80.75,80.75,,0,2.75,22.25,,19.50,58.5,,,,€
Flexible,15/03/2019,25/03/2019,LPA,TFN,NT,NT109,10:00,10:30,1.50,2.75,71.75,70.25,,1.50,2.75,20.00,,15.75,51.75,,,,€
Economica,15/03/2019,25/03/2019,LPA,TFN,NT,NT109,10:00,10:30,1.50,2.75,55.75,54.25,,1.50,2.75,16.00,,11.75,39.75,,,,€
Promo,15/03/2019,25/03/2019,LPA,TFN,NT,NT109,10:00,10:30,1.50,2.75,43.75,42.25,,1.50,2.75,13.00,,8.75,30.75,,,,€
FlexiMas,15/03/2019,25/03/2019,LPA,TFN,NT,NT127,11:30,12:00,0,2.75,80.75,80.75,,0,2.75,22.25,,19.50,58.5,,,,€
Flexible,15/03/2019,25/03/2019,LPA,TFN,NT,NT127,11:30,12:00,1.50,2.75,71.75,70.25,,1.50,2.75,20.00,,15.75,51.75,,,,€
Economica,15/03/2019,25/03/2019,LPA,TFN,NT,NT127,11:30,12:00,1.50,2.75,55.75,54.25,,1.50,2.75,16.00,,11.75,39.75,,,,€
Promo,15/03/2019,25/03/2019,LPA,TFN,NT,NT127,11:30,12:00,1.50,2.75,52.75,51.25,,1.50,2.75,15.25,,11.00,37.5,,,,€
FlexiMas,15/03/2019,25/03/2019,LPA,TFN,NT,NT145,13:00,13:30,0,2.75,80.75,80.75,,0,2.75,22.25,,19.50,58.5,,,,€
Flexible,15/03/2019,25/03/2019,LPA,TFN,NT,NT145,13:00,13:30,1.50,2.75,71.75,70.25,,1.50,2.75,20.00,,15.75,51.75,,,,€
Economica,15/03/2019,25/03/2019,LPA,TFN,NT,NT145,13:00,13:30,1.50,2.75,55.75,54.25,,1.50,2.75,16.00,,11.75,39.75,,,,€
Promo,15/03/2019,25/03/2019,LPA,TFN,NT,NT145,13:00,13:30,1.50,2.75,43.75,42.25,,1.50,2.75,13.00,,8.75,30.75,,,,€
FlexiMas,15/03/2019,25/03/2019,LPA,TFN,NT,NT147,14:00,14:30,0,2.75,80.75,80.75,,0,2.75,22.25,,19.50,58.5,,,,€
Flexible,15/03/2019,25/03/2019,LPA,TFN,NT,NT147,14:00,14:30,1.50,2.75,71.75,70.25,,1.50,2.75,20.00,,15.75,51.75,,,,€
Economica,15/03/2019,25/03/2019,LPA,TFN,NT,NT147,14:00,14:30,1.50,2.75,55.75,54.25,,1.50,2.75,16.00,,11.75,39.75,,,,€
Promo,15/03/2019,25/03/2019,LPA,TFN,NT,NT147,14:00,14:30,1.50,2.75,43.75,42.25,,1.50,2.75,13.00,,8.75,30.75,,,,€
FlexiMas,15/03/2019,25/03/2019,LPA,TFN,NT,NT135,15:00,15:30,0,2.75,80.75,80.75,,0,2.75,22.25,,19.50,58.5,,,,€
Flexible,15/03/2019,25/03/2019,LPA,TFN,NT,NT135,15:00,15:30,1.50,2.75,71.75,70.25,,1.50,2.75,20.00,,15.75,51.75,,,,€
FlexiMas,15/03/2019,25/03/2019,LPA,TFN,NT,NT167,16:00,16:30,0,2.75,80.75,80.75,,0,2.75,22.25,,19.50,58.5,,,,€
Flexible,15/03/2019,25/03/2019,LPA,TFN,NT,NT167,16:00,16:30,1.50,2.75,71.75,70.25,,1.50,2.75,20.00,,15.75,51.75,,,,€
Economica,15/03/2019,25/03/2019,LPA,TFN,NT,NT167,16:00,16:30,1.50,2.75,55.75,54.25,,1.50,2.75,16.00,,11.75,39.75,,,,€
FlexiMas,15/03/2019,25/03/2019,LPA,TFN,NT,NT169,17:00,17:30,0,2.75,80.75,80.75,,0,2.75,22.25,,19.50,58.5,,,,€
Flexible,15/03/2019,25/03/2019,LPA,TFN,NT,NT169,17:00,17:30,1.50,2.75,71.75,70.25,,1.50,2.75,20.00,,15.75,51.75,,,,€
Economica,15/03/2019,25/03/2019,LPA,TFN,NT,NT169,17:00,17:30,1.50,2.75,55.75,54.25,,1.50,2.75,16.00,,11.75,39.75,,,,€
Promo,15/03/2019,25/03/2019,LPA,TFN,NT,NT169,17:00,17:30,1.50,2.75,43.75,42.25,,1.50,2.75,13.00,,8.75,30.75,,,,€
FlexiMas,15/03/2019,25/03/2019,LPA,TFN,NT,NT173,18:00,18:30,0,2.75,80.75,80.75,,0,2.75,22.25,,19.50,58.5,,,,€
Flexible,15/03/2019,25/03/2019,LPA,TFN,NT,NT173,18:00,18:30,1.50,2.75,71.75,70.25,,1.50,2.75,20.00,,15.75,51.75,,,,€
Economica,15/03/2019,25/03/2019,LPA,TFN,NT,NT173,18:00,18:30,1.50,2.75,55.75,54.25,,1.50,2.75,16.00,,11.75,39.75,,,,€
FlexiMas,15/03/2019,25/03/2019,LPA,TFN,NT,NT179,19:00,19:30,0,2.75,80.75,80.75,,0,2.75,22.25,,19.50,58.5,,,,€
Flexible,15/03/2019,25/03/2019,LPA,TFN,NT,NT179,19:00,19:30,1.50,2.75,71.75,70.25,,1.50,2.75,20.00,,15.75,51.75,,,,€
Economica,15/03/2019,25/03/2019,LPA,TFN,NT,NT179,19:00,19:30,1.50,2.75,55.75,54.25,,1.50,2.75,16.00,,11.75,39.75,,,,€
FlexiMas,15/03/2019,25/03/2019,LPA,TFN,NT,NT183,19:30,20:00,0,2.75,80.75,80.75,,0,2.75,22.25,,19.50,58.5,,,,€
Flexible,15/03/2019,25/03/2019,LPA,TFN,NT,NT183,19:30,20:00,1.50,2.75,71.75,70.25,,1.50,2.75,20.00,,15.75,51.75,,,,€
Economica,15/03/2019,25/03/2019,LPA,TFN,NT,NT183,19:30,20:00,1.50,2.75,55.75,54.25,,1.50,2.75,16.00,,11.75,39.75,,,,€
Promo,15/03/2019,25/03/2019,LPA,TFN,NT,NT183,19:30,20:00,1.50,2.75,43.75,42.25,,1.50,2.75,13.00,,8.75,30.75,,,,€
FlexiMas,15/03/2019,25/03/2019,LPA,TFN,NT,NT191,20:00,20:30,0,2.75,80.75,80.75,,0,2.75,22.25,,19.50,58.5,,,,€
Flexible,15/03/2019,25/03/2019,LPA,TFN,NT,NT191,20:00,20:30,1.50,2.75,71.75,70.25,,1.50,2.75,20.00,,15.75,51.75,,,,€
Economica,15/03/2019,25/03/2019,LPA,TFN,NT,NT191,20:00,20:30,1.50,2.75,55.75,54.25,,1.50,2.75,16.00,,11.75,39.75,,,,€
Promo,15/03/2019,25/03/2019,LPA,TFN,NT,NT191,20:00,20:30,1.50,2.75,43.75,42.25,,1.50,2.75,13.00,,8.75,30.75,,,,€
Superpromo,15/03/2019,25/03/2019,LPA,TFN,NT,NT191,20:00,20:30,1.50,2.75,40.75,39.25,,1.50,2.75,12.25,,8.00,28.5,,,,€
FlexiMas,15/03/2019,25/03/2019,LPA,TFS,NT,NT155,07:00,07:40,0,2.75,92.75,92.75,,0,2.75,25.25,,22.50,67.5,,,,€
Flexible,15/03/2019,25/03/2019,LPA,TFS,NT,NT155,07:00,07:40,0,2.75,74.75,74.75,,0,2.75,20.75,,18.00,54.0,,,,€
FlexiMas,15/03/2019,25/03/2019,LPA,TFS,NT,NT123,10:00,10:40,0,2.75,92.75,92.75,,0,2.75,25.25,,22.50,67.5,,,,€
Flexible,15/03/2019,25/03/2019,LPA,TFS,NT,NT123,10:00,10:40,0,2.75,74.75,74.75,,0,2.75,20.75,,18.00,54.0,,,,€
FlexiMas,15/03/2019,25/03/2019,LPA,TFS,NT,NT151,14:15,14:55,0,2.75,92.75,92.75,,0,2.75,25.25,,22.50,67.5,,,,€
Flexible,15/03/2019,25/03/2019,LPA,TFS,NT,NT151,14:15,14:55,0,2.75,74.75,74.75,,0,2.75,20.75,,18.00,54.0,,,,€
FlexiMas,15/03/2019,25/03/2019,LPA,TFS,NT,NT125,18:00,18:40,0,2.75,92.75,92.75,,0,2.75,25.25,,22.50,67.5,,,,€
Flexible,15/03/2019,25/03/2019,LPA,TFS,NT,NT125,18:00,18:40,0,2.75,74.75,74.75,,0,2.75,20.75,,18.00,54.0,,,,€
Economica,15/03/2019,25/03/2019,LPA,TFS,NT,NT125,18:00,18:40,1.50,2.75,62.75,61.25,,1.50,2.75,17.75,,13.50,45.0,,,,€
Promo,15/03/2019,25/03/2019,LPA,TFS,NT,NT125,18:00,18:40,1.50,2.75,58.75,57.25,,1.50,2.75,16.75,,12.50,42.0,,,,€
FlexiMas,15/03/2019,25/03/2019,LPA,VDE,NT,NT365,15:20,16:15,0,2.75,134.75,134.75,,0,2.75,35.75,,33.00,99.0,,,,€
Flexible,15/03/2019,25/03/2019,LPA,VDE,NT,NT365,15:20,16:15,0,2.75,108.75,108.75,,0,2.75,29.25,,26.50,79.5,,,,€
Economica,15/03/2019,25/03/2019,LPA,VDE,NT,NT365,15:20,16:15,1.50,2.75,88.75,87.25,,1.50,2.75,24.25,,20.00,64.5,,,,€
Promo,15/03/2019,25/03/2019,LPA,VDE,NT,NT365,15:20,16:15,1.50,2.75,82.75,81.25,,1.50,2.75,22.75,,18.50,60.0,,,,€
FlexiMas,15/03/2019,25/03/2019,PMI,LPA,NT,NT5101,16:20,18:40,3.00,10.90,672.90,669.9,,3.00,10.90,176.40,,162.50,496.5,,,,€
Flexible,15/03/2019,25/03/2019,PMI,LPA,NT,NT5101,16:20,18:40,3.00,10.90,592.90,589.9,,3.00,10.90,156.40,,142.50,436.5,,,,€
Economica,15/03/2019,25/03/2019,PMI,LPA,NT,NT5101,16:20,18:40,3.00,10.90,442.90,439.9,,3.00,10.90,118.90,,105.00,324.0,,,,€
Promo,15/03/2019,25/03/2019,PMI,LPA,NT,NT5101,16:20,18:40,3.00,10.90,272.90,269.9,,3.00,10.90,76.40,,62.50,196.49,,,,€
Superpromo,15/03/2019,25/03/2019,PMI,LPA,NT,NT5101,16:20,18:40,3.00,10.90,152.90,149.9,,3.00,10.90,46.40,,32.50,106.5,,,,€
FlexiMas,15/03/2019,25/03/2019,PMI,LPA,NT,NT5101,16:20,18:40,3.00,10.90,672.90,669.9,,3.00,10.90,176.40,,162.50,496.5,,,,€
Flexible,15/03/2019,25/03/2019,PMI,LPA,NT,NT5101,16:20,18:40,3.00,10.90,592.90,589.9,,3.00,10.90,156.40,,142.50,436.5,,,,€
Economica,15/03/2019,25/03/2019,PMI,LPA,NT,NT5101,16:20,18:40,3.00,10.90,442.90,439.9,,3.00,10.90,118.90,,105.00,324.0,,,,€
Promo,15/03/2019,25/03/2019,PMI,LPA,NT,NT5101,16:20,18:40,3.00,10.90,272.90,269.9,,3.00,10.90,76.40,,62.50,196.49,,,,€
Superpromo,15/03/2019,25/03/2019,PMI,LPA,NT,NT5101,16:20,18:40,3.00,10.90,152.90,149.9,,3.00,10.90,46.40,,32.50,106.5,,,,€
FlexiMas,15/03/2019,25/03/2019,SPC,TFN,NT,NT604,08:00,08:30,0,2.03,84.03,84.03,,0,2.03,22.53,,20.50,61.5,,,,€
Flexible,15/03/2019,25/03/2019,SPC,TFN,NT,NT604,08:00,08:30,1.50,2.03,74.03,72.53,,1.50,2.03,20.03,,16.50,54.0,,,,€
FlexiMas,15/03/2019,25/03/2019,SPC,TFN,NT,NT606,08:30,09:00,0,2.03,84.03,84.03,,0,2.03,22.53,,20.50,61.5,,,,€
Flexible,15/03/2019,25/03/2019,SPC,TFN,NT,NT606,08:30,09:00,1.50,2.03,74.03,72.53,,1.50,2.03,20.03,,16.50,54.0,,,,€
FlexiMas,15/03/2019,25/03/2019,SPC,TFN,NT,NT608,09:00,09:30,0,2.03,84.03,84.03,,0,2.03,22.53,,20.50,61.5,,,,€
Flexible,15/03/2019,25/03/2019,SPC,TFN,NT,NT608,09:00,09:30,1.50,2.03,74.03,72.53,,1.50,2.03,20.03,,16.50,54.0,,,,€
Economica,15/03/2019,25/03/2019,SPC,TFN,NT,NT608,09:00,09:30,1.50,2.03,58.03,56.53,,1.50,2.03,16.03,,12.50,42.0,,,,€
Promo,15/03/2019,25/03/2019,SPC,TFN,NT,NT608,09:00,09:30,1.50,2.03,54.03,52.53,,1.50,2.03,15.03,,11.50,39.0,,,,€
FlexiMas,15/03/2019,25/03/2019,SPC,TFN,NT,NT612,10:00,10:30,0,2.03,84.03,84.03,,0,2.03,22.53,,20.50,61.5,,,,€
Flexible,15/03/2019,25/03/2019,SPC,TFN,NT,NT612,10:00,10:30,1.50,2.03,74.03,72.53,,1.50,2.03,20.03,,16.50,54.0,,,,€
Economica,15/03/2019,25/03/2019,SPC,TFN,NT,NT612,10:00,10:30,1.50,2.03,58.03,56.53,,1.50,2.03,16.03,,12.50,42.0,,,,€
Promo,15/03/2019,25/03/2019,SPC,TFN,NT,NT612,10:00,10:30,1.50,2.03,44.03,42.53,,1.50,2.03,12.53,,9.00,31.5,,,,€
Superpromo,15/03/2019,25/03/2019,SPC,TFN,NT,NT612,10:00,10:30,1.50,2.03,41.03,39.53,,1.50,2.03,11.78,,8.25,29.25,,,,€
FlexiMas,15/03/2019,25/03/2019,SPC,TFN,NT,NT610,11:00,11:30,0,2.03,84.03,84.03,,0,2.03,22.53,,20.50,61.5,,,,€
Flexible,15/03/2019,25/03/2019,SPC,TFN,NT,NT610,11:00,11:30,1.50,2.03,74.03,72.53,,1.50,2.03,20.03,,16.50,54.0,,,,€
Economica,15/03/2019,25/03/2019,SPC,TFN,NT,NT610,11:00,11:30,1.50,2.03,58.03,56.53,,1.50,2.03,16.03,,12.50,42.0,,,,€
Promo,15/03/2019,25/03/2019,SPC,TFN,NT,NT610,11:00,11:30,1.50,2.03,44.03,42.53,,1.50,2.03,12.53,,9.00,31.5,,,,€
Superpromo,15/03/2019,25/03/2019,SPC,TFN,NT,NT610,11:00,11:30,1.50,2.03,41.03,39.53,,1.50,2.03,11.78,,8.25,29.25,,,,€
FlexiMas,15/03/2019,25/03/2019,SPC,TFN,NT,NT618,12:00,12:30,0,2.03,84.03,84.03,,0,2.03,22.53,,20.50,61.5,,,,€
Flexible,15/03/2019,25/03/2019,SPC,TFN,NT,NT618,12:00,12:30,1.50,2.03,74.03,72.53,,1.50,2.03,20.03,,16.50,54.0,,,,€
Economica,15/03/2019,25/03/2019,SPC,TFN,NT,NT618,12:00,12:30,1.50,2.03,58.03,56.53,,1.50,2.03,16.03,,12.50,42.0,,,,€
Promo,15/03/2019,25/03/2019,SPC,TFN,NT,NT618,12:00,12:30,1.50,2.03,44.03,42.53,,1.50,2.03,12.53,,9.00,31.5,,,,€
FlexiMas,15/03/2019,25/03/2019,SPC,TFN,NT,NT622,14:00,14:30,0,2.03,84.03,84.03,,0,2.03,22.53,,20.50,61.5,,,,€
Flexible,15/03/2019,25/03/2019,SPC,TFN,NT,NT622,14:00,14:30,1.50,2.03,74.03,72.53,,1.50,2.03,20.03,,16.50,54.0,,,,€
Economica,15/03/2019,25/03/2019,SPC,TFN,NT,NT622,14:00,14:30,1.50,2.03,58.03,56.53,,1.50,2.03,16.03,,12.50,42.0,,,,€
Promo,15/03/2019,25/03/2019,SPC,TFN,NT,NT622,14:00,14:30,1.50,2.03,44.03,42.53,,1.50,2.03,12.53,,9.00,31.5,,,,€
Superpromo,15/03/2019,25/03/2019,SPC,TFN,NT,NT622,14:00,14:30,1.50,2.03,41.03,39.53,,1.50,2.03,11.78,,8.25,29.25,,,,€
FlexiMas,15/03/2019,25/03/2019,SPC,TFN,NT,NT632,16:00,16:30,0,2.03,84.03,84.03,,0,2.03,22.53,,20.50,61.5,,,,€
Flexible,15/03/2019,25/03/2019,SPC,TFN,NT,NT632,16:00,16:30,1.50,2.03,74.03,72.53,,1.50,2.03,20.03,,16.50,54.0,,,,€
Economica,15/03/2019,25/03/2019,SPC,TFN,NT,NT632,16:00,16:30,1.50,2.03,58.03,56.53,,1.50,2.03,16.03,,12.50,42.0,,,,€
Promo,15/03/2019,25/03/2019,SPC,TFN,NT,NT632,16:00,16:30,1.50,2.03,44.03,42.53,,1.50,2.03,12.53,,9.00,31.5,,,,€
Superpromo,15/03/2019,25/03/2019,SPC,TFN,NT,NT632,16:00,16:30,1.50,2.03,41.03,39.53,,1.50,2.03,11.78,,8.25,29.25,,,,€
FlexiMas,15/03/2019,25/03/2019,SPC,TFN,NT,NT634,17:00,17:30,0,2.03,84.03,84.03,,0,2.03,22.53,,20.50,61.5,,,,€
Flexible,15/03/2019,25/03/2019,SPC,TFN,NT,NT634,17:00,17:30,1.50,2.03,74.03,72.53,,1.50,2.03,20.03,,16.50,54.0,,,,€
Economica,15/03/2019,25/03/2019,SPC,TFN,NT,NT634,17:00,17:30,1.50,2.03,58.03,56.53,,1.50,2.03,16.03,,12.50,42.0,,,,€
Promo,15/03/2019,25/03/2019,SPC,TFN,NT,NT634,17:00,17:30,1.50,2.03,44.03,42.53,,1.50,2.03,12.53,,9.00,31.5,,,,€
Superpromo,15/03/2019,25/03/2019,SPC,TFN,NT,NT634,17:00,17:30,1.50,2.03,41.03,39.53,,1.50,2.03,11.78,,8.25,29.25,,,,€
FlexiMas,15/03/2019,25/03/2019,SPC,TFN,NT,NT636,18:00,18:30,0,2.03,84.03,84.03,,0,2.03,22.53,,20.50,61.5,,,,€
Flexible,15/03/2019,25/03/2019,SPC,TFN,NT,NT636,18:00,18:30,1.50,2.03,74.03,72.53,,1.50,2.03,20.03,,16.50,54.0,,,,€
Economica,15/03/2019,25/03/2019,SPC,TFN,NT,NT636,18:00,18:30,1.50,2.03,58.03,56.53,,1.50,2.03,16.03,,12.50,42.0,,,,€
Promo,15/03/2019,25/03/2019,SPC,TFN,NT,NT636,18:00,18:30,1.50,2.03,44.03,42.53,,1.50,2.03,12.53,,9.00,31.5,,,,€
Superpromo,15/03/2019,25/03/2019,SPC,TFN,NT,NT636,18:00,18:30,1.50,2.03,41.03,39.53,,1.50,2.03,11.78,,8.25,29.25,,,,€
FlexiMas,15/03/2019,25/03/2019,SPC,TFN,NT,NT638,19:00,19:30,0,2.03,84.03,84.03,,0,2.03,22.53,,20.50,61.5,,,,€
Flexible,15/03/2019,25/03/2019,SPC,TFN,NT,NT638,19:00,19:30,1.50,2.03,74.03,72.53,,1.50,2.03,20.03,,16.50,54.0,,,,€
Economica,15/03/2019,25/03/2019,SPC,TFN,NT,NT638,19:00,19:30,1.50,2.03,58.03,56.53,,1.50,2.03,16.03,,12.50,42.0,,,,€
Promo,15/03/2019,25/03/2019,SPC,TFN,NT,NT638,19:00,19:30,1.50,2.03,44.03,42.53,,1.50,2.03,12.53,,9.00,31.5,,,,€
Superpromo,15/03/2019,25/03/2019,SPC,TFN,NT,NT638,19:00,19:30,1.50,2.03,41.03,39.53,,1.50,2.03,11.78,,8.25,29.25,,,,€
FlexiMas,15/03/2019,25/03/2019,TFN,ACE,NT,NT452,07:00,07:50,0,2.47,134.47,134.47,,0,2.47,35.47,,33.00,99.0,,,,€
Flexible,15/03/2019,25/03/2019,TFN,ACE,NT,NT452,07:00,07:50,1.50,2.47,114.47,112.97,,1.50,2.47,30.47,,26.50,84.0,,,,€
FlexiMas,15/03/2019,25/03/2019,TFN,ACE,NT,NT468,10:00,10:50,0,2.47,134.47,134.47,,0,2.47,35.47,,33.00,99.0,,,,€
Flexible,15/03/2019,25/03/2019,TFN,ACE,NT,NT468,10:00,10:50,1.50,2.47,114.47,112.97,,1.50,2.47,30.47,,26.50,84.0,,,,€
FlexiMas,15/03/2019,25/03/2019,TFN,ACE,NT,NT454,12:50,13:40,0,2.47,134.47,134.47,,0,2.47,35.47,,33.00,99.0,,,,€
Flexible,15/03/2019,25/03/2019,TFN,ACE,NT,NT454,12:50,13:40,1.50,2.47,114.47,112.97,,1.50,2.47,30.47,,26.50,84.0,,,,€
Economica,15/03/2019,25/03/2019,TFN,ACE,NT,NT454,12:50,13:40,1.50,2.47,88.47,86.97,,1.50,2.47,23.97,,20.00,64.5,,,,€
Promo,15/03/2019,25/03/2019,TFN,ACE,NT,NT454,12:50,13:40,1.50,2.47,72.47,70.97,,1.50,2.47,19.97,,16.00,52.5,,,,€
FlexiMas,15/03/2019,25/03/2019,TFN,ACE,NT,NT470,14:00,14:50,0,2.47,134.47,134.47,,0,2.47,35.47,,33.00,99.0,,,,€
Flexible,15/03/2019,25/03/2019,TFN,ACE,NT,NT470,14:00,14:50,1.50,2.47,114.47,112.97,,1.50,2.47,30.47,,26.50,84.0,,,,€
Economica,15/03/2019,25/03/2019,TFN,ACE,NT,NT470,14:00,14:50,1.50,2.47,88.47,86.97,,1.50,2.47,23.97,,20.00,64.5,,,,€
Promo,15/03/2019,25/03/2019,TFN,ACE,NT,NT470,14:00,14:50,1.50,2.47,72.47,70.97,,1.50,2.47,19.97,,16.00,52.5,,,,€
FlexiMas,15/03/2019,25/03/2019,TFN,ACE,NT,NT474,17:20,18:10,0,2.47,134.47,134.47,,0,2.47,35.47,,33.00,99.0,,,,€
Flexible,15/03/2019,25/03/2019,TFN,ACE,NT,NT474,17:20,18:10,1.50,2.47,114.47,112.97,,1.50,2.47,30.47,,26.50,84.0,,,,€
Economica,15/03/2019,25/03/2019,TFN,ACE,NT,NT474,17:20,18:10,1.50,2.47,88.47,86.97,,1.50,2.47,23.97,,20.00,64.5,,,,€
Promo,15/03/2019,25/03/2019,TFN,ACE,NT,NT474,17:20,18:10,1.50,2.47,82.47,80.97,,1.50,2.47,22.47,,18.50,60.0,,,,€
FlexiMas,15/03/2019,25/03/2019,TFN,FUE,NT,NT414,07:10,08:00,0,2.47,128.47,128.47,,0,2.47,33.97,,31.50,94.5,,,,€
Flexible,15/03/2019,25/03/2019,TFN,FUE,NT,NT414,07:10,08:00,1.50,2.47,109.47,107.97,,1.50,2.47,29.22,,25.25,80.25,,,,€
FlexiMas,15/03/2019,25/03/2019,TFN,FUE,NT,NT422,10:00,10:50,0,2.47,128.47,128.47,,0,2.47,33.97,,31.50,94.5,,,,€
Flexible,15/03/2019,25/03/2019,TFN,FUE,NT,NT422,10:00,10:50,1.50,2.47,109.47,107.97,,1.50,2.47,29.22,,25.25,80.25,,,,€
FlexiMas,15/03/2019,25/03/2019,TFN,FUE,NT,NT420,14:20,15:10,0,2.47,128.47,128.47,,0,2.47,33.97,,31.50,94.5,,,,€
Flexible,15/03/2019,25/03/2019,TFN,FUE,NT,NT420,14:20,15:10,1.50,2.47,109.47,107.97,,1.50,2.47,29.22,,25.25,80.25,,,,€
Economica,15/03/2019,25/03/2019,TFN,FUE,NT,NT420,14:20,15:10,1.50,2.47,84.47,82.97,,1.50,2.47,22.97,,19.00,61.5,,,,€
Promo,15/03/2019,25/03/2019,TFN,FUE,NT,NT420,14:20,15:10,1.50,2.47,64.47,62.97,,1.50,2.47,17.97,,14.00,46.5,,,,€
FlexiMas,15/03/2019,25/03/2019,TFN,FUE,NT,NT428,19:10,20:00,0,2.47,128.47,128.47,,0,2.47,33.97,,31.50,94.5,,,,€
Flexible,15/03/2019,25/03/2019,TFN,FUE,NT,NT428,19:10,20:00,1.50,2.47,109.47,107.97,,1.50,2.47,29.22,,25.25,80.25,,,,€
Economica,15/03/2019,25/03/2019,TFN,FUE,NT,NT428,19:10,20:00,1.50,2.47,84.47,82.97,,1.50,2.47,22.97,,19.00,61.5,,,,€
Promo,15/03/2019,25/03/2019,TFN,FUE,NT,NT428,19:10,20:00,1.50,2.47,64.47,62.97,,1.50,2.47,17.97,,14.00,46.5,,,,€
FlexiMas,15/03/2019,25/03/2019,TFN,GMZ,NT,NT651,09:30,10:00,0,2.47,92.47,92.47,,0,2.47,24.97,,22.50,67.5,,,,€
Flexible,15/03/2019,25/03/2019,TFN,GMZ,NT,NT651,09:30,10:00,0,2.47,74.47,74.47,,0,2.47,20.47,,18.00,54.0,,,,€
Economica,15/03/2019,25/03/2019,TFN,GMZ,NT,NT651,09:30,10:00,1.50,2.47,62.47,60.97,,1.50,2.47,17.47,,13.50,45.0,,,,€
Promo,15/03/2019,25/03/2019,TFN,GMZ,NT,NT651,09:30,10:00,1.50,2.47,51.47,49.97,,1.50,2.47,14.72,,10.75,36.75,,,,€
FlexiMas,15/03/2019,25/03/2019,TFN,GMZ,NT,NT653,17:00,17:30,0,2.47,92.47,92.47,,0,2.47,24.97,,22.50,67.5,,,,€
Flexible,15/03/2019,25/03/2019,TFN,GMZ,NT,NT653,17:00,17:30,0,2.47,74.47,74.47,,0,2.47,20.47,,18.00,54.0,,,,€
Economica,15/03/2019,25/03/2019,TFN,GMZ,NT,NT653,17:00,17:30,1.50,2.47,62.47,60.97,,1.50,2.47,17.47,,13.50,45.0,,,,€
Promo,15/03/2019,25/03/2019,TFN,GMZ,NT,NT653,17:00,17:30,1.50,2.47,58.47,56.97,,1.50,2.47,16.47,,12.50,42.0,,,,€
FlexiMas,15/03/2019,25/03/2019,TFN,LPA,NT,NT106,07:00,07:30,0,2.47,80.47,80.47,,0,2.47,21.97,,19.50,58.5,,,,€
Flexible,15/03/2019,25/03/2019,TFN,LPA,NT,NT106,07:00,07:30,1.50,2.47,71.47,69.97,,1.50,2.47,19.72,,15.75,51.75,,,,€
FlexiMas,15/03/2019,25/03/2019,TFN,LPA,NT,NT100,07:30,08:00,0,2.47,80.47,80.47,,0,2.47,21.97,,19.50,58.5,,,,€
Flexible,15/03/2019,25/03/2019,TFN,LPA,NT,NT100,07:30,08:00,1.50,2.47,71.47,69.97,,1.50,2.47,19.72,,15.75,51.75,,,,€
FlexiMas,15/03/2019,25/03/2019,TFN,LPA,NT,NT102,08:00,08:30,0,2.47,80.47,80.47,,0,2.47,21.97,,19.50,58.5,,,,€
Flexible,15/03/2019,25/03/2019,TFN,LPA,NT,NT102,08:00,08:30,1.50,2.47,71.47,69.97,,1.50,2.47,19.72,,15.75,51.75,,,,€
FlexiMas,15/03/2019,25/03/2019,TFN,LPA,NT,NT104,08:30,09:00,0,2.47,80.47,80.47,,0,2.47,21.97,,19.50,58.5,,,,€
Flexible,15/03/2019,25/03/2019,TFN,LPA,NT,NT104,08:30,09:00,1.50,2.47,71.47,69.97,,1.50,2.47,19.72,,15.75,51.75,,,,€
FlexiMas,15/03/2019,25/03/2019,TFN,LPA,NT,NT108,09:00,09:30,0,2.47,80.47,80.47,,0,2.47,21.97,,19.50,58.5,,,,€
Flexible,15/03/2019,25/03/2019,TFN,LPA,NT,NT108,09:00,09:30,1.50,2.47,71.47,69.97,,1.50,2.47,19.72,,15.75,51.75,,,,€
FlexiMas,15/03/2019,25/03/2019,TFN,LPA,NT,NT112,09:30,10:00,0,2.47,80.47,80.47,,0,2.47,21.97,,19.50,58.5,,,,€
Flexible,15/03/2019,25/03/2019,TFN,LPA,NT,NT112,09:30,10:00,1.50,2.47,71.47,69.97,,1.50,2.47,19.72,,15.75,51.75,,,,€
Economica,15/03/2019,25/03/2019,TFN,LPA,NT,NT112,09:30,10:00,1.50,2.47,55.47,53.97,,1.50,2.47,15.72,,11.75,39.75,,,,€
FlexiMas,15/03/2019,25/03/2019,TFN,LPA,NT,NT120,10:00,10:30,0,2.47,80.47,80.47,,0,2.47,21.97,,19.50,58.5,,,,€
Flexible,15/03/2019,25/03/2019,TFN,LPA,NT,NT120,10:00,10:30,1.50,2.47,71.47,69.97,,1.50,2.47,19.72,,15.75,51.75,,,,€
Economica,15/03/2019,25/03/2019,TFN,LPA,NT,NT120,10:00,10:30,1.50,2.47,55.47,53.97,,1.50,2.47,15.72,,11.75,39.75,,,,€
Promo,15/03/2019,25/03/2019,TFN,LPA,NT,NT120,10:00,10:30,1.50,2.47,43.47,41.97,,1.50,2.47,12.72,,8.75,30.75,,,,€
FlexiMas,15/03/2019,25/03/2019,TFN,LPA,NT,NT110,11:30,12:00,0,2.47,80.47,80.47,,0,2.47,21.97,,19.50,58.5,,,,€
Flexible,15/03/2019,25/03/2019,TFN,LPA,NT,NT110,11:30,12:00,1.50,2.47,71.47,69.97,,1.50,2.47,19.72,,15.75,51.75,,,,€
Economica,15/03/2019,25/03/2019,TFN,LPA,NT,NT110,11:30,12:00,1.50,2.47,55.47,53.97,,1.50,2.47,15.72,,11.75,39.75,,,,€
Promo,15/03/2019,25/03/2019,TFN,LPA,NT,NT110,11:30,12:00,1.50,2.47,43.47,41.97,,1.50,2.47,12.72,,8.75,30.75,,,,€
Superpromo,15/03/2019,25/03/2019,TFN,LPA,NT,NT110,11:30,12:00,1.50,2.47,40.47,38.97,,1.50,2.47,11.97,,8.00,28.5,,,,€
FlexiMas,15/03/2019,25/03/2019,TFN,LPA,NT,NT134,13:00,13:30,0,2.47,80.47,80.47,,0,2.47,21.97,,19.50,58.5,,,,€
Flexible,15/03/2019,25/03/2019,TFN,LPA,NT,NT134,13:00,13:30,1.50,2.47,71.47,69.97,,1.50,2.47,19.72,,15.75,51.75,,,,€
Economica,15/03/2019,25/03/2019,TFN,LPA,NT,NT134,13:00,13:30,1.50,2.47,55.47,53.97,,1.50,2.47,15.72,,11.75,39.75,,,,€
FlexiMas,15/03/2019,25/03/2019,TFN,LPA,NT,NT116,13:30,14:00,0,2.47,80.47,80.47,,0,2.47,21.97,,19.50,58.5,,,,€
Flexible,15/03/2019,25/03/2019,TFN,LPA,NT,NT116,13:30,14:00,1.50,2.47,71.47,69.97,,1.50,2.47,19.72,,15.75,51.75,,,,€
Economica,15/03/2019,25/03/2019,TFN,LPA,NT,NT116,13:30,14:00,1.50,2.47,55.47,53.97,,1.50,2.47,15.72,,11.75,39.75,,,,€
FlexiMas,15/03/2019,25/03/2019,TFN,LPA,NT,NT158,14:00,14:30,0,2.47,80.47,80.47,,0,2.47,21.97,,19.50,58.5,,,,€
Flexible,15/03/2019,25/03/2019,TFN,LPA,NT,NT158,14:00,14:30,1.50,2.47,71.47,69.97,,1.50,2.47,19.72,,15.75,51.75,,,,€
Economica,15/03/2019,25/03/2019,TFN,LPA,NT,NT158,14:00,14:30,1.50,2.47,55.47,53.97,,1.50,2.47,15.72,,11.75,39.75,,,,€
FlexiMas,15/03/2019,25/03/2019,TFN,LPA,NT,NT160,15:00,15:30,0,2.47,80.47,80.47,,0,2.47,21.97,,19.50,58.5,,,,€
Flexible,15/03/2019,25/03/2019,TFN,LPA,NT,NT160,15:00,15:30,1.50,2.47,71.47,69.97,,1.50,2.47,19.72,,15.75,51.75,,,,€
Economica,15/03/2019,25/03/2019,TFN,LPA,NT,NT160,15:00,15:30,1.50,2.47,55.47,53.97,,1.50,2.47,15.72,,11.75,39.75,,,,€
FlexiMas,15/03/2019,25/03/2019,TFN,LPA,NT,NT166,16:00,16:30,0,2.47,80.47,80.47,,0,2.47,21.97,,19.50,58.5,,,,€
Flexible,15/03/2019,25/03/2019,TFN,LPA,NT,NT166,16:00,16:30,1.50,2.47,71.47,69.97,,1.50,2.47,19.72,,15.75,51.75,,,,€
Economica,15/03/2019,25/03/2019,TFN,LPA,NT,NT166,16:00,16:30,1.50,2.47,55.47,53.97,,1.50,2.47,15.72,,11.75,39.75,,,,€
Promo,15/03/2019,25/03/2019,TFN,LPA,NT,NT166,16:00,16:30,1.50,2.47,43.47,41.97,,1.50,2.47,12.72,,8.75,30.75,,,,€
FlexiMas,15/03/2019,25/03/2019,TFN,LPA,NT,NT170,17:00,17:30,0,2.47,80.47,80.47,,0,2.47,21.97,,19.50,58.5,,,,€
Flexible,15/03/2019,25/03/2019,TFN,LPA,NT,NT170,17:00,17:30,1.50,2.47,71.47,69.97,,1.50,2.47,19.72,,15.75,51.75,,,,€
Economica,15/03/2019,25/03/2019,TFN,LPA,NT,NT170,17:00,17:30,1.50,2.47,55.47,53.97,,1.50,2.47,15.72,,11.75,39.75,,,,€
FlexiMas,15/03/2019,25/03/2019,TFN,LPA,NT,NT178,18:00,18:30,0,2.47,80.47,80.47,,0,2.47,21.97,,19.50,58.5,,,,€
Flexible,15/03/2019,25/03/2019,TFN,LPA,NT,NT178,18:00,18:30,1.50,2.47,71.47,69.97,,1.50,2.47,19.72,,15.75,51.75,,,,€
Economica,15/03/2019,25/03/2019,TFN,LPA,NT,NT178,18:00,18:30,1.50,2.47,55.47,53.97,,1.50,2.47,15.72,,11.75,39.75,,,,€
Promo,15/03/2019,25/03/2019,TFN,LPA,NT,NT178,18:00,18:30,1.50,2.47,43.47,41.97,,1.50,2.47,12.72,,8.75,30.75,,,,€
FlexiMas,15/03/2019,25/03/2019,TFN,LPA,NT,NT186,19:00,19:30,0,2.47,80.47,80.47,,0,2.47,21.97,,19.50,58.5,,,,€
Flexible,15/03/2019,25/03/2019,TFN,LPA,NT,NT186,19:00,19:30,1.50,2.47,71.47,69.97,,1.50,2.47,19.72,,15.75,51.75,,,,€
Economica,15/03/2019,25/03/2019,TFN,LPA,NT,NT186,19:00,19:30,1.50,2.47,55.47,53.97,,1.50,2.47,15.72,,11.75,39.75,,,,€
FlexiMas,15/03/2019,25/03/2019,TFN,LPA,NT,NT188,20:00,20:30,0,2.47,80.47,80.47,,0,2.47,21.97,,19.50,58.5,,,,€
Flexible,15/03/2019,25/03/2019,TFN,LPA,NT,NT188,20:00,20:30,1.50,2.47,71.47,69.97,,1.50,2.47,19.72,,15.75,51.75,,,,€
Economica,15/03/2019,25/03/2019,TFN,LPA,NT,NT188,20:00,20:30,1.50,2.47,55.47,53.97,,1.50,2.47,15.72,,11.75,39.75,,,,€
Promo,15/03/2019,25/03/2019,TFN,LPA,NT,NT188,20:00,20:30,1.50,2.47,43.47,41.97,,1.50,2.47,12.72,,8.75,30.75,,,,€
FlexiMas,15/03/2019,25/03/2019,TFN,SPC,NT,NT605,07:30,08:00,0,2.47,84.47,84.47,,0,2.47,22.97,,20.50,61.5,,,,€
Flexible,15/03/2019,25/03/2019,TFN,SPC,NT,NT605,07:30,08:00,1.50,2.47,74.47,72.97,,1.50,2.47,20.47,,16.50,54.0,,,,€
FlexiMas,15/03/2019,25/03/2019,TFN,SPC,NT,NT607,08:00,08:30,0,2.47,84.47,84.47,,0,2.47,22.97,,20.50,61.5,,,,€
Flexible,15/03/2019,25/03/2019,TFN,SPC,NT,NT607,08:00,08:30,1.50,2.47,74.47,72.97,,1.50,2.47,20.47,,16.50,54.0,,,,€
Economica,15/03/2019,25/03/2019,TFN,SPC,NT,NT607,08:00,08:30,1.50,2.47,58.47,56.97,,1.50,2.47,16.47,,12.50,42.0,,,,€
Promo,15/03/2019,25/03/2019,TFN,SPC,NT,NT607,08:00,08:30,1.50,2.47,54.47,52.97,,1.50,2.47,15.47,,11.50,39.0,,,,€
FlexiMas,15/03/2019,25/03/2019,TFN,SPC,NT,NT611,09:00,09:30,0,2.47,84.47,84.47,,0,2.47,22.97,,20.50,61.5,,,,€
Flexible,15/03/2019,25/03/2019,TFN,SPC,NT,NT611,09:00,09:30,1.50,2.47,74.47,72.97,,1.50,2.47,20.47,,16.50,54.0,,,,€
Economica,15/03/2019,25/03/2019,TFN,SPC,NT,NT611,09:00,09:30,1.50,2.47,58.47,56.97,,1.50,2.47,16.47,,12.50,42.0,,,,€
Promo,15/03/2019,25/03/2019,TFN,SPC,NT,NT611,09:00,09:30,1.50,2.47,54.47,52.97,,1.50,2.47,15.47,,11.50,39.0,,,,€
FlexiMas,15/03/2019,25/03/2019,TFN,SPC,NT,NT609,10:00,10:30,0,2.47,84.47,84.47,,0,2.47,22.97,,20.50,61.5,,,,€
Flexible,15/03/2019,25/03/2019,TFN,SPC,NT,NT609,10:00,10:30,1.50,2.47,74.47,72.97,,1.50,2.47,20.47,,16.50,54.0,,,,€
Economica,15/03/2019,25/03/2019,TFN,SPC,NT,NT609,10:00,10:30,1.50,2.47,58.47,56.97,,1.50,2.47,16.47,,12.50,42.0,,,,€
Promo,15/03/2019,25/03/2019,TFN,SPC,NT,NT609,10:00,10:30,1.50,2.47,44.47,42.97,,1.50,2.47,12.97,,9.00,31.5,,,,€
Superpromo,15/03/2019,25/03/2019,TFN,SPC,NT,NT609,10:00,10:30,1.50,2.47,41.47,39.97,,1.50,2.47,12.22,,8.25,29.25,,,,€
FlexiMas,15/03/2019,25/03/2019,TFN,SPC,NT,NT617,11:00,11:30,0,2.47,84.47,84.47,,0,2.47,22.97,,20.50,61.5,,,,€
Flexible,15/03/2019,25/03/2019,TFN,SPC,NT,NT617,11:00,11:30,1.50,2.47,74.47,72.97,,1.50,2.47,20.47,,16.50,54.0,,,,€
Economica,15/03/2019,25/03/2019,TFN,SPC,NT,NT617,11:00,11:30,1.50,2.47,58.47,56.97,,1.50,2.47,16.47,,12.50,42.0,,,,€
Promo,15/03/2019,25/03/2019,TFN,SPC,NT,NT617,11:00,11:30,1.50,2.47,44.47,42.97,,1.50,2.47,12.97,,9.00,31.5,,,,€
Superpromo,15/03/2019,25/03/2019,TFN,SPC,NT,NT617,11:00,11:30,1.50,2.47,41.47,39.97,,1.50,2.47,12.22,,8.25,29.25,,,,€
FlexiMas,15/03/2019,25/03/2019,TFN,SPC,NT,NT621,13:00,13:30,0,2.47,84.47,84.47,,0,2.47,22.97,,20.50,61.5,,,,€
Flexible,15/03/2019,25/03/2019,TFN,SPC,NT,NT621,13:00,13:30,1.50,2.47,74.47,72.97,,1.50,2.47,20.47,,16.50,54.0,,,,€
Economica,15/03/2019,25/03/2019,TFN,SPC,NT,NT621,13:00,13:30,1.50,2.47,58.47,56.97,,1.50,2.47,16.47,,12.50,42.0,,,,€
Promo,15/03/2019,25/03/2019,TFN,SPC,NT,NT621,13:00,13:30,1.50,2.47,44.47,42.97,,1.50,2.47,12.97,,9.00,31.5,,,,€
Superpromo,15/03/2019,25/03/2019,TFN,SPC,NT,NT621,13:00,13:30,1.50,2.47,41.47,39.97,,1.50,2.47,12.22,,8.25,29.25,,,,€
FlexiMas,15/03/2019,25/03/2019,TFN,SPC,NT,NT631,15:00,15:30,0,2.47,84.47,84.47,,0,2.47,22.97,,20.50,61.5,,,,€
Flexible,15/03/2019,25/03/2019,TFN,SPC,NT,NT631,15:00,15:30,1.50,2.47,74.47,72.97,,1.50,2.47,20.47,,16.50,54.0,,,,€
Economica,15/03/2019,25/03/2019,TFN,SPC,NT,NT631,15:00,15:30,1.50,2.47,58.47,56.97,,1.50,2.47,16.47,,12.50,42.0,,,,€
Promo,15/03/2019,25/03/2019,TFN,SPC,NT,NT631,15:00,15:30,1.50,2.47,44.47,42.97,,1.50,2.47,12.97,,9.00,31.5,,,,€
Superpromo,15/03/2019,25/03/2019,TFN,SPC,NT,NT631,15:00,15:30,1.50,2.47,41.47,39.97,,1.50,2.47,12.22,,8.25,29.25,,,,€
FlexiMas,15/03/2019,25/03/2019,TFN,SPC,NT,NT633,16:00,16:30,0,2.47,84.47,84.47,,0,2.47,22.97,,20.50,61.5,,,,€
Flexible,15/03/2019,25/03/2019,TFN,SPC,NT,NT633,16:00,16:30,1.50,2.47,74.47,72.97,,1.50,2.47,20.47,,16.50,54.0,,,,€
Economica,15/03/2019,25/03/2019,TFN,SPC,NT,NT633,16:00,16:30,1.50,2.47,58.47,56.97,,1.50,2.47,16.47,,12.50,42.0,,,,€
Promo,15/03/2019,25/03/2019,TFN,SPC,NT,NT633,16:00,16:30,1.50,2.47,44.47,42.97,,1.50,2.47,12.97,,9.00,31.5,,,,€
Superpromo,15/03/2019,25/03/2019,TFN,SPC,NT,NT633,16:00,16:30,1.50,2.47,41.47,39.97,,1.50,2.47,12.22,,8.25,29.25,,,,€
FlexiMas,15/03/2019,25/03/2019,TFN,SPC,NT,NT623,17:00,17:30,0,2.47,84.47,84.47,,0,2.47,22.97,,20.50,61.5,,,,€
Flexible,15/03/2019,25/03/2019,TFN,SPC,NT,NT623,17:00,17:30,1.50,2.47,74.47,72.97,,1.50,2.47,20.47,,16.50,54.0,,,,€
Economica,15/03/2019,25/03/2019,TFN,SPC,NT,NT623,17:00,17:30,1.50,2.47,58.47,56.97,,1.50,2.47,16.47,,12.50,42.0,,,,€
Promo,15/03/2019,25/03/2019,TFN,SPC,NT,NT623,17:00,17:30,1.50,2.47,44.47,42.97,,1.50,2.47,12.97,,9.00,31.5,,,,€
Superpromo,15/03/2019,25/03/2019,TFN,SPC,NT,NT623,17:00,17:30,1.50,2.47,41.47,39.97,,1.50,2.47,12.22,,8.25,29.25,,,,€
FlexiMas,15/03/2019,25/03/2019,TFN,SPC,NT,NT637,18:00,18:30,0,2.47,84.47,84.47,,0,2.47,22.97,,20.50,61.5,,,,€
Flexible,15/03/2019,25/03/2019,TFN,SPC,NT,NT637,18:00,18:30,1.50,2.47,74.47,72.97,,1.50,2.47,20.47,,16.50,54.0,,,,€
Economica,15/03/2019,25/03/2019,TFN,SPC,NT,NT637,18:00,18:30,1.50,2.47,58.47,56.97,,1.50,2.47,16.47,,12.50,42.0,,,,€
Promo,15/03/2019,25/03/2019,TFN,SPC,NT,NT637,18:00,18:30,1.50,2.47,44.47,42.97,,1.50,2.47,12.97,,9.00,31.5,,,,€
Superpromo,15/03/2019,25/03/2019,TFN,SPC,NT,NT637,18:00,18:30,1.50,2.47,41.47,39.97,,1.50,2.47,12.22,,8.25,29.25,,,,€
FlexiMas,15/03/2019,25/03/2019,TFN,SPC,NT,NT639,19:00,19:30,0,2.47,84.47,84.47,,0,2.47,22.97,,20.50,61.5,,,,€
Flexible,15/03/2019,25/03/2019,TFN,SPC,NT,NT639,19:00,19:30,1.50,2.47,74.47,72.97,,1.50,2.47,20.47,,16.50,54.0,,,,€
Economica,15/03/2019,25/03/2019,TFN,SPC,NT,NT639,19:00,19:30,1.50,2.47,58.47,56.97,,1.50,2.47,16.47,,12.50,42.0,,,,€
Promo,15/03/2019,25/03/2019,TFN,SPC,NT,NT639,19:00,19:30,1.50,2.47,54.47,52.97,,1.50,2.47,15.47,,11.50,39.0,,,,€
FlexiMas,15/03/2019,25/03/2019,TFN,VDE,NT,NT655,07:55,08:35,0,2.47,92.47,92.47,,0,2.47,24.97,,22.50,67.5,,,,€
Flexible,15/03/2019,25/03/2019,TFN,VDE,NT,NT655,07:55,08:35,1.50,2.47,80.47,78.97,,1.50,2.47,21.97,,18.00,58.5,,,,€
FlexiMas,15/03/2019,25/03/2019,TFN,VDE,NT,NT659,10:05,10:45,0,2.47,92.47,92.47,,0,2.47,24.97,,22.50,67.5,,,,€
Flexible,15/03/2019,25/03/2019,TFN,VDE,NT,NT659,10:05,10:45,1.50,2.47,80.47,78.97,,1.50,2.47,21.97,,18.00,58.5,,,,€
Economica,15/03/2019,25/03/2019,TFN,VDE,NT,NT659,10:05,10:45,1.50,2.47,62.47,60.97,,1.50,2.47,17.47,,13.50,45.0,,,,€
Promo,15/03/2019,25/03/2019,TFN,VDE,NT,NT659,10:05,10:45,1.50,2.47,48.47,46.97,,1.50,2.47,13.97,,10.00,34.5,,,,€
FlexiMas,15/03/2019,25/03/2019,TFN,VDE,NT,NT663,14:00,14:40,0,2.47,92.47,92.47,,0,2.47,24.97,,22.50,67.5,,,,€
Flexible,15/03/2019,25/03/2019,TFN,VDE,NT,NT663,14:00,14:40,1.50,2.47,80.47,78.97,,1.50,2.47,21.97,,18.00,58.5,,,,€
Economica,15/03/2019,25/03/2019,TFN,VDE,NT,NT663,14:00,14:40,1.50,2.47,62.47,60.97,,1.50,2.47,17.47,,13.50,45.0,,,,€
Promo,15/03/2019,25/03/2019,TFN,VDE,NT,NT663,14:00,14:40,1.50,2.47,58.47,56.97,,1.50,2.47,16.47,,12.50,42.0,,,,€
FlexiMas,15/03/2019,25/03/2019,TFN,VDE,NT,NT673,16:55,17:35,0,2.47,92.47,92.47,,0,2.47,24.97,,22.50,67.5,,,,€
Flexible,15/03/2019,25/03/2019,TFN,VDE,NT,NT673,16:55,17:35,1.50,2.47,80.47,78.97,,1.50,2.47,21.97,,18.00,58.5,,,,€
Economica,15/03/2019,25/03/2019,TFN,VDE,NT,NT673,16:55,17:35,1.50,2.47,62.47,60.97,,1.50,2.47,17.47,,13.50,45.0,,,,€
FlexiMas,15/03/2019,25/03/2019,VDE,LPA,NT,NT366,16:40,17:30,0,1.62,133.62,133.62,,0,1.62,34.62,,33.00,99.0,,,,€
Flexible,15/03/2019,25/03/2019,VDE,LPA,NT,NT366,16:40,17:30,0,1.62,107.62,107.62,,0,1.62,28.12,,26.50,79.5,,,,€
Economica,15/03/2019,25/03/2019,VDE,LPA,NT,NT366,16:40,17:30,1.50,1.62,87.62,86.12,,1.50,1.62,23.12,,20.00,64.5,,,,€
Promo,15/03/2019,25/03/2019,VDE,LPA,NT,NT366,16:40,17:30,1.50,1.62,81.62,80.12,,1.50,1.62,21.62,,18.50,60.0,,,,€
FlexiMas,15/03/2019,25/03/2019,VDE,TFN,NT,NT656,08:55,09:35,0,1.64,91.64,91.64,,0,1.64,24.14,,22.50,67.5,,,,€
Flexible,15/03/2019,25/03/2019,VDE,TFN,NT,NT656,08:55,09:35,1.50,1.64,79.64,78.14,,1.50,1.64,21.14,,18.00,58.5,,,,€
FlexiMas,15/03/2019,25/03/2019,VDE,TFN,NT,NT662,11:20,12:00,0,1.64,91.64,91.64,,0,1.64,24.14,,22.50,67.5,,,,€
Flexible,15/03/2019,25/03/2019,VDE,TFN,NT,NT662,11:20,12:00,1.50,1.64,79.64,78.14,,1.50,1.64,21.14,,18.00,58.5,,,,€
Economica,15/03/2019,25/03/2019,VDE,TFN,NT,NT662,11:20,12:00,1.50,1.64,61.64,60.14,,1.50,1.64,16.64,,13.50,45.0,,,,€
Promo,15/03/2019,25/03/2019,VDE,TFN,NT,NT662,11:20,12:00,1.50,1.64,50.64,49.14,,1.50,1.64,13.89,,10.75,36.75,,,,€
FlexiMas,15/03/2019,25/03/2019,VDE,TFN,NT,NT664,15:20,16:00,0,1.64,91.64,91.64,,0,1.64,24.14,,22.50,67.5,,,,€
Flexible,15/03/2019,25/03/2019,VDE,TFN,NT,NT664,15:20,16:00,1.50,1.64,79.64,78.14,,1.50,1.64,21.14,,18.00,58.5,,,,€
Economica,15/03/2019,25/03/2019,VDE,TFN,NT,NT664,15:20,16:00,1.50,1.64,61.64,60.14,,1.50,1.64,16.64,,13.50,45.0,,,,€
Promo,15/03/2019,25/03/2019,VDE,TFN,NT,NT664,15:20,16:00,1.50,1.64,57.64,56.14,,1.50,1.64,15.64,,12.50,42.0,,,,€
FlexiMas,15/03/2019,25/03/2019,VDE,TFN,NT,NT674,17:55,18:35,0,1.64,91.64,91.64,,0,1.64,24.14,,22.50,67.5,,,,€
Flexible,15/03/2019,25/03/2019,VDE,TFN,NT,NT674,17:55,18:35,1.50,1.64,79.64,78.14,,1.50,1.64,21.14,,18.00,58.5,,,,€
Economica,15/03/2019,25/03/2019,VDE,TFN,NT,NT674,17:55,18:35,1.50,1.64,61.64,60.14,,1.50,1.64,16.64,,13.50,45.0,,,,€
Promo,15/03/2019,25/03/2019,VDE,TFN,NT,NT674,17:55,18:35,1.50,1.64,57.64,56.14,,1.50,1.64,15.64,,12.50,42.0,,,,€
